,jia,jin,zhuan,char
0,0,0,1,帻
1,0,0,1,畔
2,2,0,1,莽
3,0,0,1,隋
4,0,0,1,啄
5,0,0,1,邠
6,0,0,1,鞯
7,0,0,1,瓣
8,0,0,1,扈
9,0,1,1,梠
10,0,0,1,肠
11,0,0,1,鹨
12,0,0,1,讥
13,166,46,1,才
14,0,2,1,雠
15,0,0,1,移
16,6,0,1,场
17,0,0,1,恢
18,0,0,1,求
19,0,0,1,哙
20,1,0,0,敤
21,1,0,1,麟
22,1,0,1,戾
23,1,0,0,惄
24,0,0,1,綦
25,1,0,0,軎
26,0,1,1,栾
27,0,0,1,鼋
28,0,0,1,烘
29,0,71,1,稽
30,0,0,1,栩
31,0,0,1,酅
32,0,0,1,靡
33,0,0,1,粮
34,8,6,1,奚
35,147,24,1,告
36,63,0,0,埶
37,17,40,1,武
38,1,4,1,艰
39,156,20,1,夕
40,0,0,1,薨
41,0,0,1,氓
42,0,2,1,某
43,0,0,1,悱
44,0,1,1,熬
45,0,0,1,瑝
46,0,1,1,钦
47,33,0,1,版
48,0,0,1,玱
49,0,0,1,岌
50,0,10,1,哲
51,0,0,1,琅
52,3,0,0,姪
53,0,0,1,鞬
54,0,15,1,具
55,0,0,1,劾
56,0,0,1,鹈
57,0,2,1,蕃
58,0,0,1,欸
59,0,0,1,晓
60,0,6,1,沱
61,0,0,1,鞔
62,147,61,1,又
63,0,0,1,泄
64,0,0,1,阖
65,0,0,1,滂
66,0,0,1,怯
67,0,0,1,裂
68,0,0,1,驲
69,24,8,1,犹
70,0,0,1,独
71,0,0,1,矩
72,2,15,1,丑
73,4,4,1,臾
74,0,0,1,攫
75,251,33,1,宾
76,0,0,1,佖
77,5,5,1,网
78,0,0,1,柱
79,0,68,1,拜
80,0,0,1,噪
81,0,1,1,亵
82,0,0,1,屡
83,0,0,1,跣
84,1,0,0,麤
85,0,0,1,脔
86,2,4,1,洛
87,0,0,1,萧
88,0,0,1,胜
89,1,2,1,杕
90,12,0,1,鸿
91,0,0,1,姽
92,0,0,1,呆
93,0,0,1,捌
94,0,0,1,坞
95,0,1,1,庄
96,0,0,1,误
97,0,0,1,轮
98,2,0,0,拕
99,0,0,1,蛘
100,0,0,1,叱
101,0,1,1,杀
102,0,0,1,翅
103,0,0,1,芦
104,0,2,1,素
105,0,0,1,飔
106,0,0,1,髋
107,0,0,1,驾
108,4,0,0,刜
109,3,0,1,寐
110,0,1,1,咏
111,0,0,1,骈
112,35,36,1,祀
113,0,0,1,珢
114,4,0,0,熯
115,0,0,1,寄
116,2,0,0,竽
117,83,2,1,唐
118,0,0,1,垆
119,0,0,1,檄
120,0,0,1,伸
121,37,7,1,渔
122,0,0,1,闸
123,0,1,1,顾
124,0,0,1,跄
125,59,136,1,乍
126,0,0,1,镆
127,0,0,1,闱
128,42,53,1,既
129,0,0,1,舸
130,0,0,1,诟
131,0,0,1,蝙
132,0,0,1,嵯
133,2,0,1,督
134,0,0,1,铬
135,0,0,1,醢
136,0,0,1,惜
137,0,0,1,傲
138,0,0,1,蛰
139,0,0,1,歆
140,0,94,1,辞
141,0,0,1,鸩
142,0,0,1,蜕
143,4,1,1,俘
144,50,0,0,众
145,0,0,1,阚
146,0,0,1,阶
147,2,33,1,此
148,82,22,1,西
149,1,0,0,奻
150,0,0,1,隃
151,0,1,1,椀
152,0,0,1,荨
153,1,0,0,彷
154,0,0,1,璬
155,14,3,1,耤
156,16,36,1,内
157,12,15,1,犀
158,0,0,1,蔗
159,0,0,1,僮
160,1,0,0,砅
161,0,0,1,坛
162,0,3,1,否
163,0,0,1,严
164,21,11,1,言
165,0,0,1,订
166,0,0,1,隶
167,0,0,1,秩
168,0,0,1,腆
169,70,10,1,每
170,0,12,1,差
171,0,4,1,返
172,0,0,1,貌
173,1,13,1,讯
174,0,2,1,职
175,0,0,1,规
176,0,0,1,颢
177,0,0,1,怵
178,0,0,1,芒
179,1,14,1,厚
180,0,0,1,淋
181,0,6,1,辅
182,1,15,1,司
183,0,0,1,笺
184,0,0,1,颅
185,0,4,1,真
186,0,0,1,偰
187,0,0,1,竦
188,0,0,1,醅
189,1,0,0,妟
190,0,0,1,铅
191,0,0,1,伥
192,0,0,1,蚨
193,0,0,1,述
194,0,0,1,臻
195,0,2,1,梁
196,0,0,1,溷
197,0,2,1,需
198,1,0,1,袆
199,0,0,1,婵
200,0,0,1,虱
201,0,0,1,煎
202,2,0,1,叩
203,0,1,1,杨
204,0,1,1,待
205,0,0,1,漷
206,8,2,1,央
207,0,11,1,尚
208,0,0,1,汨
209,0,0,1,撅
210,0,0,1,眈
211,0,0,1,裹
212,0,0,1,醵
213,0,0,1,鼙
214,0,0,1,茯
215,0,6,1,皮
216,0,0,1,滃
217,0,0,1,序
218,0,11,1,愧
219,0,0,1,罅
220,0,3,1,堂
221,4,0,1,昏
222,0,0,1,沔
223,0,0,1,英
224,0,0,1,赛
225,0,0,1,蒇
226,6,15,1,秦
227,0,0,1,迸
228,0,0,1,谠
229,40,13,1,古
230,0,0,1,伉
231,0,0,1,涵
232,1,0,1,洒
233,1,0,1,端
234,0,0,1,芃
235,0,1,1,猎
236,0,0,1,淤
237,0,0,1,抱
238,0,0,1,柿
239,0,0,1,洿
240,6,3,1,彻
241,36,0,0,爯
242,0,0,1,坳
243,0,0,1,聂
244,0,0,1,郝
245,0,0,1,蜎
246,0,0,1,驸
247,0,0,1,浦
248,0,2,1,鳏
249,0,0,1,靴
250,0,0,1,涣
251,0,0,1,骤
252,52,42,1,生
253,0,0,1,贿
254,0,0,1,摛
255,1,2,1,鄙
256,11,13,1,良
257,0,0,1,胯
258,0,0,1,蹈
259,0,0,1,縻
260,0,7,1,苟
261,0,0,1,稞
262,0,0,1,岂
263,0,0,1,逡
264,0,1,1,也
265,0,1,1,罪
266,0,0,1,殖
267,0,0,1,阏
268,0,0,1,骇
269,0,0,1,盲
270,0,0,1,剿
271,0,1,1,仪
272,5,0,1,兔
273,0,9,1,府
274,0,0,1,顷
275,2,7,1,亟
276,0,0,1,瘼
277,0,0,1,裙
278,1,0,0,箙
279,0,2,1,邓
280,0,0,1,掀
281,0,0,1,痨
282,19,69,1,小
283,0,0,1,莠
284,0,0,1,颇
285,0,1,1,妄
286,0,5,1,养
287,0,0,1,谜
288,31,36,1,卫
289,0,0,1,呷
290,1,0,1,飞
291,0,0,1,脂
292,0,0,1,挛
293,0,0,1,疴
294,0,0,1,缨
295,0,0,1,咬
296,0,0,1,瓿
297,0,0,1,苄
298,0,0,1,冤
299,25,24,1,贮
300,0,3,1,陲
301,1,0,1,敝
302,0,1,1,请
303,0,0,1,改
304,0,0,1,灈
305,36,22,1,即
306,0,0,1,邯
307,0,0,1,睚
308,0,0,1,琟
309,0,0,1,型
310,0,0,1,诮
311,0,1,1,空
312,0,0,1,熇
313,0,1,1,卟
314,0,0,1,眊
315,0,1,1,均
316,0,0,1,腐
317,0,0,1,檠
318,0,0,1,骎
319,23,0,0,罗
320,0,11,1,鲜
321,0,1,1,祸
322,2,1,1,麇
323,0,0,1,剽
324,0,0,1,绰
325,1,5,1,作
326,0,0,1,啼
327,0,0,1,病
328,0,0,1,柖
329,0,1,1,贺
330,0,0,1,鹊
331,0,0,1,剟
332,0,1,1,怠
333,1,0,1,竟
334,0,0,1,弸
335,0,0,1,铮
336,0,1,1,顶
337,0,0,1,劈
338,0,0,1,仰
339,0,0,1,谚
340,0,0,1,芽
341,0,1,1,仑
342,0,0,1,蕲
343,0,1,1,胃
344,140,32,1,多
345,0,0,1,玘
346,0,1,1,梅
347,1,0,0,宀
348,8,4,1,石
349,0,0,1,植
350,0,0,1,皦
351,1,1,1,龚
352,41,1,1,仲
353,0,0,1,孛
354,2,14,1,折
355,0,0,1,丛
356,0,1,1,巩
357,0,6,1,俗
358,60,16,1,高
359,0,0,1,恣
360,22,3,1,疑
361,69,17,1,亦
362,0,0,1,杻
363,0,0,1,柔
364,0,0,1,厦
365,0,0,1,芝
366,0,0,1,烙
367,0,0,1,龈
368,0,0,1,筹
369,0,0,1,斩
370,0,0,1,欺
371,0,0,1,跋
372,0,0,1,枫
373,0,0,1,伫
374,0,1,1,淑
375,0,0,1,嵌
376,0,0,1,琤
377,0,0,1,纻
378,0,0,1,笱
379,0,0,1,劬
380,0,1,1,蛮
381,0,0,1,蛹
382,0,0,1,悃
383,0,0,1,璥
384,0,0,1,珪
385,0,0,1,跌
386,0,0,1,袖
387,1,1,1,濯
388,0,0,1,彳
389,0,0,1,牾
390,0,0,1,谛
391,81,20,1,东
392,0,0,1,昨
393,10,1,1,圉
394,0,0,1,魇
395,0,0,1,诊
396,1,0,0,囡
397,0,0,1,杈
398,0,0,1,灵
399,0,0,1,崖
400,42,15,1,匕
401,0,3,1,布
402,4,67,1,鬲
403,0,0,1,鞘
404,2,0,1,臬
405,0,0,1,痕
406,39,37,1,奠
407,0,0,1,皛
408,0,0,1,虓
409,1,0,1,栅
410,215,4,1,羌
411,0,0,1,渗
412,0,1,1,枪
413,0,1,1,郐
414,17,0,1,钻
415,0,0,1,墨
416,6,8,1,买
417,0,0,1,鄯
418,0,1,1,狱
419,0,0,1,榑
420,0,0,1,倚
421,0,1,1,诒
422,0,0,1,皑
423,1,24,1,有
424,0,0,1,邸
425,0,0,1,桡
426,5,0,1,桑
427,0,0,1,傍
428,0,0,1,约
429,0,0,1,唳
430,0,0,1,振
431,0,0,1,迤
432,0,0,1,娇
433,11,0,0,焚
434,0,0,1,闷
435,0,5,1,发
436,0,0,1,赙
437,0,1,1,铊
438,0,2,0,撸
439,0,0,1,玭
440,0,3,1,翼
441,0,1,1,瑾
442,1,1,1,涂
443,0,0,1,翯
444,0,0,1,吒
445,0,1,1,萆
446,0,0,1,囚
447,0,0,1,伴
448,0,0,1,损
449,4,2,1,历
450,0,0,1,槐
451,0,0,1,豉
452,0,0,1,绀
453,0,0,1,皴
454,22,0,0,寻
455,1,4,1,圃
456,2,0,0,冟
457,0,0,1,些
458,0,0,1,膊
459,0,0,1,衾
460,0,0,1,疹
461,0,25,1,勒
462,0,7,1,寡
463,0,0,1,袷
464,0,0,1,铻
465,0,0,1,衢
466,2,21,1,穆
467,0,0,1,瓞
468,20,1,1,复
469,2,0,0,翌
470,1,0,1,泞
471,2,12,1,庆
472,0,0,1,湜
473,0,0,1,罄
474,0,0,1,枯
475,0,3,1,寓
476,0,0,1,豨
477,0,0,1,噍
478,1,1,1,徐
479,0,0,1,辊
480,0,0,1,佗
481,0,1,1,婼
482,0,0,1,蚍
483,0,0,1,笪
484,0,0,1,醨
485,0,0,1,咱
486,0,7,1,尝
487,0,0,1,圮
488,0,0,1,囷
489,0,0,1,绪
490,0,0,1,充
491,1,0,0,由
492,0,13,1,雕
493,0,0,1,濑
494,0,0,1,茔
495,0,0,1,辽
496,13,8,1,玉
497,0,0,1,圻
498,0,0,1,佛
499,0,0,1,汔
500,2,0,1,奏
501,0,1,1,麻
502,0,0,1,柩
503,0,0,1,蹂
504,0,0,1,愤
505,0,0,1,掇
506,0,0,1,筝
507,0,0,1,奇
508,0,0,1,快
509,0,0,1,郦
510,4,0,0,饮
511,0,0,1,敞
512,0,0,1,斐
513,0,4,1,羕
514,0,0,1,茎
515,0,0,1,棓
516,1,0,1,咳
517,0,12,0,静
518,0,0,1,牺
519,0,0,1,昈
520,0,0,1,蝉
521,0,0,1,耀
522,0,1,1,忍
523,0,0,1,稗
524,0,0,1,符
525,0,0,1,选
526,0,0,1,疠
527,1,0,1,稠
528,0,0,1,购
529,53,43,1,尹
530,0,0,1,诜
531,0,0,1,莩
532,1,1,1,酆
533,0,0,1,厝
534,0,1,1,连
535,0,0,1,暂
536,0,0,1,酸
537,0,2,1,苛
538,0,0,1,眇
539,0,3,1,滔
540,48,52,1,臣
541,0,0,1,䓖
542,0,14,1,阻
543,0,0,1,皙
544,0,0,1,蔹
545,0,0,1,妍
546,0,0,1,霁
547,0,0,1,豳
548,0,0,1,摭
549,0,0,1,枷
550,0,0,1,拳
551,0,0,1,涪
552,0,0,1,该
553,1,0,0,萌
554,0,0,1,哕
555,0,0,1,跎
556,0,0,1,颊
557,0,0,1,瑂
558,0,0,1,舅
559,0,0,1,仅
560,0,0,1,莸
561,0,0,1,盍
562,0,0,1,缛
563,0,6,1,弋
564,0,0,1,摽
565,0,0,1,苇
566,0,0,1,钏
567,2,0,0,豭
568,13,0,1,珍
569,1,0,1,烬
570,0,0,1,郧
571,0,5,1,宇
572,0,15,1,番
573,8,9,1,爻
574,0,0,1,失
575,0,0,1,胍
576,1,0,0,妦
577,100,0,1,凤
578,0,0,1,嗥
579,0,0,1,菊
580,0,0,1,精
581,2,11,1,监
582,21,8,1,异
583,0,0,1,睹
584,0,0,1,姝
585,0,0,1,炕
586,42,0,1,燕
587,0,0,1,鹦
588,41,54,1,黄
589,0,0,1,谴
590,0,0,1,䓕
591,0,0,1,柚
592,0,0,1,痈
593,0,0,1,疝
594,0,0,1,近
595,0,1,1,药
596,0,0,1,蛟
597,0,0,1,谨
598,0,0,1,隗
599,0,5,1,宴
600,0,0,1,洨
601,1,0,1,黻
602,0,1,1,谐
603,0,0,1,萩
604,0,0,1,髁
605,3,0,1,刂
606,0,0,1,睡
607,0,0,1,蛱
608,2,0,1,雹
609,0,0,1,普
610,107,23,1,至
611,0,0,1,枅
612,1,0,1,咙
613,0,0,1,墀
614,0,3,1,饴
615,0,0,1,聩
616,0,0,1,讶
617,0,0,1,佶
618,0,0,1,碓
619,0,0,1,餐
620,0,0,1,楔
621,0,0,1,楯
622,0,12,1,里
623,0,0,1,暖
624,0,0,1,枝
625,0,0,1,凌
626,0,0,1,鸼
627,0,0,1,患
628,0,0,1,哥
629,0,0,1,唉
630,0,0,1,繇
631,0,0,1,衔
632,0,0,1,鹄
633,0,0,1,拙
634,0,0,1,鸳
635,1,8,1,陆
636,0,0,1,沸
637,0,0,1,砚
638,1,0,1,臭
639,3,0,1,集
640,0,3,1,扑
641,0,0,1,圜
642,0,0,1,圹
643,30,2,1,后
644,0,0,1,插
645,0,0,1,竘
646,0,2,1,簟
647,121,10,1,酒
648,0,0,1,谯
649,0,0,1,窕
650,1,8,1,帛
651,0,0,1,吟
652,0,0,1,度
653,3,35,1,始
654,49,0,1,循
655,6,6,1,前
656,0,0,1,醪
657,42,10,1,龙
658,0,0,1,榷
659,0,0,1,诹
660,0,0,1,啾
661,0,0,1,研
662,0,0,1,抛
663,0,0,1,雌
664,0,0,1,祃
665,0,0,1,郚
666,0,0,1,桃
667,123,3,1,羔
668,0,0,1,例
669,60,2,1,牡
670,0,0,1,圄
671,0,0,1,逍
672,1,0,0,旽
673,0,13,1,手
674,0,0,1,玒
675,0,0,1,翾
676,0,4,1,邛
677,0,0,1,托
678,0,1,1,谌
679,0,4,1,量
680,0,0,1,螣
681,3,16,1,幽
682,0,0,1,掊
683,0,0,1,镕
684,0,3,0,拓
685,0,3,1,限
686,0,0,1,忮
687,0,19,1,鹰
688,0,0,1,醮
689,0,0,1,恬
690,0,0,1,偕
691,0,0,1,羿
692,0,0,1,淯
693,0,0,1,刳
694,0,0,1,郤
695,0,54,1,钟
696,49,0,0,壴
697,193,0,0,岁
698,2,0,1,叉
699,2,0,1,眢
700,0,0,1,骸
701,91,4,1,允
702,0,0,1,词
703,0,0,1,畛
704,1,1,1,栎
705,10,0,1,弹
706,0,0,1,鞣
707,0,0,1,驺
708,1,4,1,簠
709,0,0,1,骐
710,0,0,1,疢
711,2,6,1,州
712,0,0,1,募
713,3,21,1,曾
714,0,0,1,茨
715,0,1,1,纳
716,3,9,1,宏
717,0,1,1,持
718,0,0,1,菅
719,0,0,1,鞁
720,97,2,1,犬
721,0,0,1,鲒
722,1,0,1,致
723,0,0,1,匠
724,0,0,1,坤
725,0,2,1,赓
726,0,0,1,蝗
727,3,0,0,吅
728,0,4,1,貘
729,0,0,1,处
730,0,0,1,弦
731,0,0,1,桊
732,1,0,0,其
733,0,0,1,秸
734,1,1,1,豸
735,0,0,1,热
736,0,0,1,僭
737,0,0,1,剞
738,1,1,1,翟
739,180,13,1,来
740,0,0,1,判
741,4,2,1,疾
742,0,4,1,匆
743,0,0,1,糒
744,1,0,0,畺
745,0,0,1,漳
746,0,0,1,轼
747,0,0,1,柏
748,0,0,1,淆
749,0,0,1,陬
750,29,0,0,辥
751,0,0,1,粒
752,0,7,1,朏
753,0,0,1,翙
754,6,0,1,雇
755,0,10,1,耇
756,0,0,1,侁
757,0,0,1,艮
758,0,0,1,竺
759,1,0,1,尾
760,0,0,1,惙
761,0,0,1,岫
762,0,0,1,溺
763,0,0,1,剡
764,0,0,1,媄
765,0,0,1,憙
766,2,0,1,肱
767,17,4,1,迟
768,0,0,1,咦
769,0,0,1,唪
770,0,9,1,罚
771,0,0,1,珕
772,0,12,1,懿
773,0,0,1,暑
774,0,0,1,魃
775,0,0,1,垲
776,0,0,1,蘧
777,50,18,1,北
778,53,16,1,鬯
779,0,0,1,蓁
780,0,0,1,豺
781,0,1,1,继
782,0,0,1,泚
783,0,0,1,础
784,0,0,1,烽
785,0,0,1,籴
786,0,0,1,掎
787,0,0,1,饰
788,0,0,1,轵
789,0,0,1,碍
790,0,0,1,沼
791,0,0,1,篪
792,0,1,1,嘏
793,0,0,1,镏
794,21,6,1,啬
795,0,0,1,点
796,0,0,1,臼
797,1,0,1,孕
798,0,5,1,濒
799,8,0,0,豊
800,4,25,1,畯
801,0,1,1,殃
802,0,0,1,捽
803,0,0,1,抠
804,0,12,1,戟
805,0,0,1,侉
806,0,5,1,荐
807,0,0,1,洓
808,0,0,1,蔓
809,0,0,1,齑
810,0,0,1,辐
811,0,0,1,蠓
812,0,0,1,汀
813,0,0,1,惛
814,0,0,1,跖
815,0,0,1,怂
816,0,0,1,鼬
817,0,2,1,恁
818,0,0,1,猝
819,0,0,1,祲
820,0,0,1,鸺
821,1,21,1,士
822,1,1,1,获
823,0,0,1,缁
824,4,2,1,美
825,0,0,1,荀
826,0,0,1,琡
827,0,0,1,酩
828,6,20,1,或
829,0,0,1,浓
830,0,0,1,菲
831,0,1,1,沇
832,2,1,1,厂
833,5,136,1,眉
834,0,0,1,钮
835,0,0,1,苗
836,0,0,1,蝇
837,0,0,1,骓
838,0,0,1,蔺
839,0,0,1,晟
840,0,2,1,业
841,0,0,1,沤
842,0,0,1,烛
843,0,0,1,伦
844,0,4,1,组
845,0,0,1,婺
846,0,0,1,禛
847,0,0,1,溦
848,3,0,1,孽
849,0,0,1,眸
850,0,0,1,狼
851,1,3,1,禋
852,0,3,1,萦
853,0,0,1,葰
854,1,8,1,分
855,1,4,1,交
856,0,0,1,柯
857,0,0,1,洪
858,0,0,1,掩
859,0,0,1,罢
860,70,10,1,好
861,152,0,0,尞
862,0,0,1,洮
863,0,0,1,牒
864,2,0,0,ㄗ
865,0,0,1,脚
866,0,0,1,靶
867,0,0,1,颃
868,0,0,1,伍
869,0,0,1,悉
870,0,0,1,饷
871,0,0,1,锢
872,0,0,1,婧
873,1,6,1,盆
874,0,0,1,匙
875,0,0,1,键
876,1,0,1,戕
877,0,0,1,校
878,0,0,1,镂
879,1,0,0,娘
880,0,0,1,樘
881,0,0,1,龀
882,0,0,1,昫
883,0,1,1,棺
884,1,22,1,盉
885,0,6,1,筥
886,0,1,1,藏
887,0,15,1,广
888,0,0,1,儳
889,0,0,1,劢
890,0,0,1,沐
891,0,0,1,窀
892,0,0,1,遏
893,0,1,1,縢
894,0,0,1,翚
895,0,0,1,氛
896,4,27,1,尸
897,0,0,1,堪
898,0,0,1,崔
899,0,0,1,岵
900,0,0,1,蕉
901,0,0,1,藟
902,0,0,1,蹁
903,0,0,1,惔
904,0,1,1,张
905,0,0,1,犴
906,0,0,1,眨
907,0,0,1,项
908,0,0,1,险
909,0,0,1,厖
910,0,0,1,觭
911,0,2,1,放
912,0,0,1,巽
913,2,2,1,斤
914,0,0,1,绫
915,0,0,1,恩
916,43,0,1,赫
917,0,0,1,潇
918,0,11,1,参
919,0,0,1,绅
920,0,0,1,珂
921,4,1,1,时
922,0,1,1,潸
923,0,4,1,产
924,0,0,1,扆
925,0,0,1,侑
926,0,0,1,仿
927,0,0,1,鹘
928,0,0,1,圈
929,0,0,1,墼
930,0,6,1,遗
931,0,0,1,值
932,0,0,1,浯
933,0,0,1,笏
934,0,0,1,提
935,0,7,1,寺
936,0,0,1,腻
937,6,20,1,匜
938,3,4,1,远
939,0,3,1,和
940,1,0,0,鬳
941,0,4,1,诃
942,0,1,1,饕
943,2,0,1,琮
944,1,0,0,斿
945,0,0,1,痞
946,0,0,1,荃
947,0,0,1,摴
948,0,2,1,劳
949,0,0,1,踔
950,0,0,1,情
951,0,0,1,殣
952,0,0,1,脬
953,0,0,1,螭
954,0,0,1,䥽
955,0,0,1,罨
956,1,0,0,仌
957,0,0,1,沆
958,32,27,1,新
959,2,6,1,卢
960,0,0,1,钳
961,0,0,1,咥
962,0,0,1,鹩
963,0,2,1,逦
964,0,0,1,绁
965,0,0,1,胎
966,0,0,1,舁
967,0,1,1,适
968,0,0,1,绘
969,0,0,1,溃
970,0,0,1,徼
971,0,0,1,猰
972,1,1,1,尤
973,0,0,1,珥
974,20,4,1,鸣
975,0,4,1,硕
976,1,0,0,歰
977,0,0,1,绌
978,0,0,1,悼
979,0,0,1,荷
980,0,0,1,绤
981,62,24,1,衣
982,0,0,1,珣
983,0,4,1,赁
984,0,0,1,辍
985,0,0,1,咫
986,0,0,1,潍
987,0,0,1,隈
988,0,0,1,袍
989,0,0,1,潩
990,0,0,1,芨
991,3,0,0,焛
992,0,2,1,奄
993,1,2,1,基
994,0,0,1,假
995,0,0,1,瓒
996,0,0,1,鳗
997,0,0,1,咨
998,0,0,1,戭
999,0,0,1,藨
1000,0,0,1,詟
1001,0,0,1,汋
1002,15,21,1,廿
1003,0,0,1,诤
1004,0,0,1,洞
1005,12,2,1,甗
1006,0,0,1,柽
1007,0,1,1,篚
1008,0,0,1,舜
1009,0,7,1,尔
1010,0,0,1,卷
1011,0,0,1,措
1012,6,0,1,企
1013,3,1,1,依
1014,0,0,1,惩
1015,0,1,1,轨
1016,0,0,1,笠
1017,7,0,1,磬
1018,0,0,1,疆
1019,0,0,1,蹊
1020,0,16,1,帅
1021,0,1,1,觌
1022,0,0,1,铫
1023,3,0,1,杲
1024,0,0,1,偲
1025,0,0,1,抉
1026,0,0,1,埸
1027,0,0,1,翔
1028,0,0,1,推
1029,2,76,1,姬
1030,28,9,0,备
1031,1,0,1,设
1032,0,3,1,经
1033,0,0,1,珌
1034,1,1,1,伏
1035,30,6,1,缶
1036,0,0,1,桩
1037,0,1,1,费
1038,0,0,1,珧
1039,0,0,1,隍
1040,0,0,1,痿
1041,15,6,1,利
1042,0,0,1,粢
1043,0,0,1,纂
1044,91,32,1,先
1045,0,0,1,残
1046,0,0,1,芡
1047,0,0,1,昙
1048,4,0,1,萑
1049,1,1,1,黼
1050,0,0,1,砌
1051,1,0,0,梌
1052,30,0,0,廌
1053,0,0,1,怅
1054,0,0,1,茧
1055,0,0,1,葩
1056,0,0,1,泓
1057,0,0,1,湟
1058,0,0,1,芈
1059,0,0,1,泾
1060,0,0,1,蟋
1061,0,0,1,薄
1062,0,1,1,贼
1063,0,0,1,膘
1064,0,0,1,培
1065,13,36,1,家
1066,0,0,1,枉
1067,16,8,1,寝
1068,0,1,1,啖
1069,0,0,1,讱
1070,0,1,1,裨
1071,0,0,1,鞠
1072,0,0,1,遵
1073,0,0,1,詈
1074,1,17,1,身
1075,0,0,1,兰
1076,0,0,1,擘
1077,122,142,1,年
1078,0,0,1,䴗
1079,1,0,1,梏
1080,0,0,1,傩
1081,1,6,1,祖
1082,0,46,1,肇
1083,0,0,1,绡
1084,91,4,1,步
1085,0,0,1,艇
1086,0,2,1,邗
1087,0,0,1,矞
1088,1,0,1,囱
1089,0,0,1,渝
1090,130,3,1,御
1091,0,0,1,爱
1092,3,2,1,柳
1093,4,1,1,葬
1094,1,0,0,尘
1095,0,0,1,醐
1096,0,0,1,瑱
1097,0,0,1,婕
1098,0,0,1,诐
1099,0,0,1,蒟
1100,0,0,1,薅
1101,28,44,1,室
1102,0,0,1,愿
1103,0,0,1,滞
1104,0,0,1,匮
1105,0,0,1,缀
1106,0,0,1,瓘
1107,1,0,0,驶
1108,0,0,1,劫
1109,1,1,0,禄
1110,0,0,1,凋
1111,0,1,1,没
1112,1,0,1,跽
1113,0,0,1,掼
1114,0,0,1,芼
1115,0,1,1,闾
1116,0,0,1,坑
1117,0,0,1,歇
1118,1,0,1,粗
1119,0,0,1,劼
1120,84,68,1,且
1121,0,0,1,渡
1122,0,0,1,霄
1123,0,0,1,驿
1124,1,0,1,娠
1125,0,1,1,丕
1126,0,3,1,璋
1127,0,0,1,诅
1128,0,0,1,桂
1129,3,2,1,望
1130,0,0,1,挑
1131,0,0,1,峣
1132,0,0,1,鼩
1133,0,0,1,匏
1134,0,0,1,缟
1135,0,0,1,鸭
1136,41,8,1,夏
1137,0,0,1,滩
1138,0,0,1,诖
1139,0,0,1,勃
1140,0,0,1,弧
1141,0,0,1,廊
1142,20,2,1,龟
1143,0,0,1,怿
1144,16,0,0,婐
1145,0,0,1,猪
1146,0,0,1,喾
1147,0,0,1,纶
1148,41,0,0,廾
1149,0,0,1,据
1150,0,0,1,极
1151,0,0,1,泐
1152,0,0,1,琚
1153,0,0,1,泜
1154,0,0,1,缦
1155,0,2,1,桴
1156,0,0,1,赘
1157,0,0,1,娩
1158,0,0,1,夔
1159,0,0,1,郅
1160,0,0,1,镯
1161,43,0,0,雚
1162,0,0,1,翠
1163,25,13,1,彭
1164,0,0,1,伾
1165,0,0,1,馏
1166,0,0,1,觚
1167,0,0,1,苓
1168,0,0,1,忒
1169,0,0,1,靠
1170,0,0,1,讵
1171,0,0,1,槜
1172,0,0,1,阊
1173,0,0,1,羹
1174,0,0,1,嫡
1175,0,16,0,似
1176,0,0,1,禳
1177,0,1,1,地
1178,0,0,1,仞
1179,0,0,1,炀
1180,0,0,1,脊
1181,0,1,1,敛
1182,0,2,1,革
1183,1,0,1,欣
1184,1,13,1,服
1185,0,0,1,塘
1186,0,1,1,禺
1187,0,0,1,梓
1188,0,0,1,酷
1189,0,0,1,骝
1190,0,1,1,莒
1191,2,0,0,沑
1192,0,5,1,都
1193,0,0,1,妯
1194,1,0,1,鼻
1195,0,0,1,泰
1196,0,0,1,邪
1197,21,1,0,尢
1198,57,38,1,屯
1199,0,0,1,衅
1200,0,0,1,佁
1201,0,0,1,稃
1202,0,0,1,诰
1203,0,0,1,蠲
1204,0,0,1,韨
1205,0,0,1,细
1206,0,0,1,笥
1207,1,0,1,刖
1208,17,17,1,鼓
1209,0,0,1,兜
1210,0,0,1,喝
1211,0,0,1,颍
1212,0,0,1,胪
1213,0,0,1,扮
1214,22,5,1,疐
1215,0,1,1,仁
1216,0,0,1,姨
1217,0,0,1,颋
1218,9,0,0,囧
1219,0,0,1,薿
1220,0,0,1,资
1221,0,0,1,璠
1222,0,0,1,黔
1223,0,0,1,槭
1224,0,1,1,固
1225,0,0,1,履
1226,0,0,1,丸
1227,1,12,1,妊
1228,0,0,1,灾
1229,4,32,1,楚
1230,0,0,1,样
1231,0,0,1,荧
1232,0,0,1,锄
1233,0,0,1,萁
1234,0,0,1,瑛
1235,0,0,1,赈
1236,0,0,1,畹
1237,0,0,1,鸧
1238,0,0,1,樱
1239,0,0,1,妪
1240,0,0,1,黜
1241,0,0,1,燔
1242,0,0,1,虻
1243,0,25,1,嬴
1244,0,0,1,忞
1245,0,2,1,宵
1246,0,0,1,部
1247,1,0,0,遝
1248,1,1,1,兢
1249,0,0,1,坂
1250,0,0,1,搦
1251,0,0,1,赇
1252,0,0,1,偓
1253,3,5,1,次
1254,107,42,1,乎
1255,1,0,0,灂
1256,0,0,1,巡
1257,13,0,0,益
1258,0,0,1,锉
1259,0,0,1,獭
1260,0,4,0,达
1261,0,1,1,焉
1262,0,1,1,赶
1263,0,0,1,秒
1264,0,0,1,洫
1265,0,0,1,乖
1266,0,2,1,居
1267,21,25,1,游
1268,0,0,1,箪
1269,0,0,1,溜
1270,8,0,1,洋
1271,0,0,1,贬
1272,0,0,1,球
1273,0,0,1,景
1274,0,2,1,䜣
1275,2,0,1,片
1276,0,0,1,肢
1277,0,1,1,照
1278,2,2,1,印
1279,0,0,1,箦
1280,2,0,1,霾
1281,1,14,1,孚
1282,0,0,1,侗
1283,3,12,1,须
1284,0,0,1,倜
1285,0,0,1,惰
1286,2,0,1,宓
1287,0,0,1,隼
1288,0,0,1,炳
1289,0,33,1,虢
1290,0,0,1,缙
1291,0,0,1,骃
1292,0,0,1,屺
1293,26,32,1,追
1294,0,0,1,炟
1295,0,0,1,洚
1296,0,0,1,促
1297,0,0,1,埏
1298,0,0,1,疃
1299,34,30,1,克
1300,0,0,1,挟
1301,0,0,1,阄
1302,0,0,1,荔
1303,0,0,1,蚤
1304,0,2,1,惟
1305,0,0,1,运
1306,0,0,1,杂
1307,0,0,1,蜜
1308,0,0,1,抗
1309,0,0,1,蝥
1310,0,0,1,姻
1311,56,0,0,戠
1312,0,0,1,垫
1313,0,0,1,瓴
1314,91,0,0,咢
1315,13,1,1,止
1316,0,0,1,错
1317,0,0,1,棣
1318,0,0,1,畦
1319,0,0,1,伭
1320,0,0,1,梯
1321,0,0,1,芩
1322,0,0,1,偶
1323,0,0,1,瑟
1324,0,0,1,萍
1325,0,0,1,藩
1326,0,0,1,叚
1327,0,0,1,寁
1328,89,18,1,启
1329,0,0,1,嗌
1330,35,1,1,蒙
1331,3,2,1,姓
1332,0,0,1,恍
1333,0,0,1,惆
1334,0,0,1,椆
1335,0,0,1,蟠
1336,0,0,1,际
1337,25,14,0,郭
1338,0,0,1,弛
1339,0,0,1,浙
1340,0,0,1,烧
1341,0,0,1,洈
1342,0,0,1,堞
1343,0,0,1,伪
1344,0,1,1,毋
1345,18,0,1,湔
1346,0,0,1,窒
1347,0,0,1,跷
1348,0,0,1,焰
1349,0,0,1,诀
1350,0,2,1,儆
1351,0,0,1,嗑
1352,0,0,1,龂
1353,12,6,1,旧
1354,0,0,1,慭
1355,0,0,1,嫖
1356,0,0,1,墐
1357,0,0,1,趼
1358,0,0,1,绊
1359,0,1,1,棫
1360,0,0,1,㭕
1361,0,0,1,嫣
1362,0,0,1,蜢
1363,27,7,1,向
1364,0,0,1,棪
1365,0,0,1,芫
1366,0,0,1,橞
1367,0,0,1,银
1368,0,0,1,溥
1369,0,1,1,卤
1370,0,0,1,剜
1371,0,0,1,箅
1372,0,0,1,裴
1373,5,4,1,襄
1374,0,0,1,痍
1375,0,1,1,紫
1376,1,0,0,娅
1377,0,0,1,峱
1378,0,4,1,盅
1379,0,0,1,释
1380,0,0,1,廉
1381,3,1,1,丹
1382,0,0,1,阽
1383,0,0,1,眺
1384,17,0,1,苣
1385,0,0,1,蜚
1386,4,8,1,员
1387,0,3,1,赐
1388,6,17,1,羞
1389,0,0,1,泙
1390,0,0,1,渠
1391,0,19,1,殷
1392,1,0,1,伣
1393,1,45,1,师
1394,0,0,1,红
1395,0,0,1,璒
1396,0,0,1,停
1397,0,0,1,珏
1398,77,82,1,史
1399,0,0,1,椅
1400,0,0,1,恚
1401,246,49,1,大
1402,0,0,1,韭
1403,0,0,1,俺
1404,0,0,1,陔
1405,0,0,1,绺
1406,0,2,0,酱
1407,0,0,1,䴖
1408,0,0,1,靼
1409,3,0,1,焱
1410,0,0,1,俊
1411,3,6,1,陵
1412,0,0,1,桯
1413,0,0,1,叫
1414,0,1,1,密
1415,0,10,0,虿
1416,0,0,1,颎
1417,0,0,1,煁
1418,0,0,1,麈
1419,2,0,1,盦
1420,0,0,1,匣
1421,0,0,1,鞅
1422,0,6,1,镠
1423,0,0,1,盏
1424,0,0,1,腱
1425,1,0,1,乳
1426,2,0,1,栗
1427,0,0,1,涓
1428,0,0,1,逻
1429,1,28,1,吴
1430,0,0,1,挠
1431,0,0,1,燥
1432,0,0,1,轪
1433,0,0,1,峨
1434,1,0,1,洎
1435,0,1,1,昧
1436,0,0,1,冯
1437,1,0,1,尨
1438,0,0,1,迢
1439,31,6,1,涉
1440,49,68,1,俎
1441,0,0,1,胖
1442,0,3,1,播
1443,0,1,1,姊
1444,0,0,1,蕨
1445,2,1,1,坠
1446,1,0,1,嚚
1447,0,0,1,歃
1448,12,10,1,典
1449,0,2,1,廙
1450,0,0,1,玓
1451,12,0,1,麑
1452,0,3,1,皆
1453,0,0,1,绎
1454,7,1,1,麓
1455,0,0,1,靖
1456,1,1,1,囿
1457,0,0,1,辩
1458,0,0,1,鬻
1459,0,0,1,邱
1460,0,0,1,裈
1461,0,0,1,蔽
1462,0,2,1,卖
1463,0,0,1,襚
1464,0,0,1,雄
1465,0,0,1,牻
1466,0,0,1,仳
1467,16,0,1,粟
1468,0,0,1,湎
1469,0,0,1,锦
1470,9,3,1,皿
1471,0,0,1,荑
1472,0,0,1,镗
1473,1,0,1,棋
1474,0,0,1,捐
1475,0,0,1,竭
1476,0,0,1,脍
1477,1,38,1,旗
1478,0,0,1,潦
1479,0,0,1,迄
1480,0,3,1,钘
1481,0,0,1,沥
1482,0,0,1,届
1483,0,0,1,诇
1484,0,0,1,赚
1485,0,0,1,碛
1486,0,0,1,罽
1487,89,81,1,事
1488,0,0,1,茹
1489,42,14,1,未
1490,5,7,0,函
1491,0,0,1,悌
1492,0,0,1,脯
1493,2,0,1,椎
1494,0,0,1,蜗
1495,0,0,1,靳
1496,0,0,1,看
1497,0,0,1,袅
1498,63,0,0,侸
1499,0,0,1,响
1500,0,0,1,瞋
1501,2,0,1,洧
1502,0,0,1,蜮
1503,4,3,1,果
1504,0,0,1,麖
1505,0,0,1,色
1506,0,0,1,妩
1507,0,0,1,坚
1508,0,0,1,抚
1509,0,0,1,柴
1510,0,0,1,削
1511,0,2,1,伤
1512,0,0,1,蓬
1513,0,0,1,芟
1514,1,39,1,征
1515,0,0,1,堲
1516,0,0,1,聆
1517,0,0,1,装
1518,0,0,1,谇
1519,0,0,1,甡
1520,0,4,1,谏
1521,0,0,1,敲
1522,0,0,1,嚭
1523,0,0,1,形
1524,0,0,1,拊
1525,0,0,1,姗
1526,0,0,1,溘
1527,0,0,1,澍
1528,0,0,1,帷
1529,0,5,1,厄
1530,0,0,1,怏
1531,0,0,1,瑕
1532,0,0,1,筐
1533,0,0,1,诽
1534,1,1,1,聋
1535,0,0,1,曩
1536,0,0,1,沭
1537,0,0,1,翕
1538,13,28,1,己
1539,0,0,1,讫
1540,0,14,1,彤
1541,11,0,1,灯
1542,0,0,1,唤
1543,0,0,1,蓠
1544,0,21,1,乌
1545,0,0,1,旸
1546,23,4,1,鬼
1547,7,25,1,上
1548,0,0,1,镜
1549,0,0,1,悲
1550,0,0,1,檗
1551,0,2,1,浅
1552,0,0,1,鲩
1553,0,0,1,屦
1554,2,43,1,君
1555,0,0,1,莳
1556,0,0,1,科
1557,0,0,1,雾
1558,0,0,1,婳
1559,9,49,1,戈
1560,0,0,1,嬿
1561,0,0,1,痔
1562,0,0,1,漂
1563,0,0,1,给
1564,0,0,1,缸
1565,0,1,1,捷
1566,0,0,1,玟
1567,23,3,1,鸟
1568,0,2,1,孳
1569,0,4,1,慕
1570,0,0,1,芍
1571,0,0,1,烂
1572,0,0,1,铚
1573,0,0,1,洄
1574,0,0,1,悛
1575,1,0,1,虐
1576,0,0,1,脩
1577,0,0,1,贴
1578,0,0,1,猬
1579,0,0,1,蠃
1580,0,0,1,梃
1581,0,0,1,撩
1582,0,0,1,跳
1583,0,4,1,绾
1584,0,0,1,襦
1585,0,0,1,裎
1586,0,0,1,哇
1587,0,0,1,嫚
1588,10,1,1,如
1589,0,0,1,坏
1590,0,0,1,璨
1591,0,0,1,攘
1592,0,0,1,琯
1593,1,0,1,彗
1594,0,0,1,咍
1595,0,0,1,铙
1596,0,0,1,峥
1597,27,14,1,牧
1598,1,7,1,载
1599,8,2,1,旃
1600,0,0,1,剂
1601,0,0,1,探
1602,0,0,1,辁
1603,0,0,1,揄
1604,0,0,1,夬
1605,0,0,1,螂
1606,0,0,1,酹
1607,0,0,1,菜
1608,0,0,1,渭
1609,0,0,1,辀
1610,0,0,1,畿
1611,0,0,1,恰
1612,0,0,1,瑚
1613,0,0,1,鹆
1614,0,0,1,鹭
1615,0,0,1,昕
1616,0,7,1,沙
1617,12,0,0,屰
1618,0,1,1,送
1619,0,0,1,震
1620,0,0,1,棰
1621,0,0,1,邻
1622,0,0,1,霭
1623,0,0,1,脓
1624,0,0,1,逑
1625,0,0,1,鳝
1626,0,3,1,海
1627,0,0,1,膜
1628,0,0,1,陪
1629,0,0,1,蜾
1630,0,0,1,跨
1631,13,3,1,丽
1632,3,0,1,泷
1633,2,0,0,犅
1634,22,9,1,甫
1635,4,0,1,袁
1636,1,8,1,亢
1637,0,0,1,茏
1638,0,0,1,儇
1639,0,0,1,姶
1640,0,0,1,开
1641,0,1,1,吁
1642,0,0,1,唠
1643,0,0,1,泡
1644,0,0,1,房
1645,0,0,1,郴
1646,13,9,1,刚
1647,0,0,1,狻
1648,0,0,1,蹙
1649,0,5,1,哉
1650,3,0,1,盘
1651,0,0,1,滫
1652,0,0,1,桅
1653,5,0,0,掫
1654,0,0,1,嚼
1655,25,116,1,朕
1656,2,1,1,夭
1657,0,0,1,栖
1658,0,0,1,绵
1659,0,0,1,邴
1660,0,0,1,睐
1661,0,0,1,粜
1662,0,0,1,苍
1663,0,0,1,存
1664,0,0,1,标
1665,0,0,1,艴
1666,0,0,1,堑
1667,0,1,1,电
1668,0,0,1,襞
1669,0,1,1,旞
1670,0,0,1,濡
1671,0,1,1,路
1672,1,1,1,飨
1673,0,0,1,褫
1674,0,4,0,关
1675,14,3,1,麦
1676,0,0,1,侔
1677,0,0,1,嬛
1678,0,0,1,黠
1679,0,2,1,璜
1680,0,0,1,鲌
1681,1,2,1,观
1682,4,9,1,外
1683,12,62,1,贝
1684,0,1,1,流
1685,0,0,1,萋
1686,0,0,1,悟
1687,0,1,0,愈
1688,0,38,1,孟
1689,0,0,1,玼
1690,0,0,1,怖
1691,0,0,1,埴
1692,0,1,1,绶
1693,4,0,0,啎
1694,0,0,1,桔
1695,65,107,1,月
1696,0,0,1,寸
1697,0,0,1,绔
1698,0,0,1,篦
1699,0,0,1,票
1700,36,6,1,莫
1701,62,4,1,育
1702,0,0,1,泔
1703,0,0,1,浈
1704,0,0,1,疁
1705,0,0,1,焞
1706,9,1,1,蜀
1707,2,0,0,剢
1708,2,15,1,一
1709,0,0,1,泂
1710,0,1,1,瓜
1711,0,0,1,鲰
1712,0,0,1,窊
1713,0,1,1,常
1714,0,0,1,晃
1715,0,0,1,鳐
1716,1,0,0,臱
1717,1,0,1,丞
1718,0,0,1,胳
1719,0,0,1,嗔
1720,0,0,1,清
1721,1,0,0,冑
1722,0,0,1,窑
1723,0,0,1,裛
1724,0,0,1,贱
1725,0,0,1,谙
1726,0,0,1,抵
1727,0,1,1,氐
1728,0,0,1,莹
1729,1,5,1,必
1730,0,0,1,踽
1731,0,0,1,蛲
1732,0,10,1,侃
1733,0,0,1,棕
1734,0,0,1,驯
1735,0,0,1,蹉
1736,8,8,1,少
1737,0,0,1,渐
1738,0,0,1,瞫
1739,0,0,1,毒
1740,0,0,1,泌
1741,0,0,1,馌
1742,0,0,1,蕤
1743,0,0,1,鲤
1744,1,0,0,叙
1745,0,1,1,顼
1746,0,0,1,玦
1747,0,0,1,蛩
1748,0,0,1,谥
1749,0,0,1,铢
1750,0,0,1,獐
1751,0,1,1,纪
1752,0,0,1,牵
1753,0,0,1,笮
1754,0,0,1,芋
1755,1,2,1,泺
1756,0,4,1,敖
1757,0,0,1,庳
1758,0,1,1,头
1759,0,0,1,搒
1760,0,0,1,讲
1761,96,0,0,眔
1762,0,3,1,违
1763,0,0,1,互
1764,0,0,1,草
1765,0,0,1,概
1766,0,0,1,痛
1767,0,1,1,济
1768,0,0,1,菹
1769,0,0,1,贾
1770,0,0,1,柘
1771,0,0,1,髅
1772,0,0,1,拇
1773,0,0,1,略
1774,45,26,1,虎
1775,0,0,1,鳛
1776,0,0,1,冕
1777,0,0,1,豫
1778,0,1,1,甚
1779,2,0,0,刞
1780,0,0,1,棹
1781,0,2,1,觞
1782,0,0,1,倩
1783,0,0,1,瑰
1784,0,0,1,瘛
1785,3,21,1,宰
1786,0,8,1,粱
1787,0,0,1,轹
1788,0,0,1,繄
1789,9,3,1,品
1790,0,0,1,佳
1791,0,0,1,鹅
1792,0,0,1,邲
1793,0,162,1,簋
1794,0,0,1,逵
1795,0,0,1,饼
1796,0,1,0,肯
1797,1,0,1,予
1798,0,0,1,鬈
1799,1,0,1,森
1800,0,0,1,厢
1801,0,1,1,诋
1802,0,0,1,鳞
1803,0,0,1,贵
1804,0,0,1,逭
1805,18,7,1,足
1806,0,0,1,骢
1807,0,0,1,椠
1808,0,0,1,俭
1809,10,14,1,七
1810,0,0,1,阕
1811,0,0,1,搔
1812,0,0,1,讹
1813,3,0,1,栉
1814,0,0,1,薢
1815,0,0,1,谬
1816,1,2,1,舞
1817,0,0,1,帔
1818,0,0,1,笛
1819,1,0,1,洗
1820,0,0,1,甄
1821,0,29,1,敬
1822,0,0,1,绲
1823,2,13,1,弟
1824,0,0,1,庤
1825,1,0,1,豢
1826,1,0,0,妞
1827,0,0,1,噫
1828,0,0,1,垎
1829,29,0,1,戣
1830,0,0,1,附
1831,0,2,1,蛔
1832,0,0,1,毖
1833,75,31,1,弗
1834,0,2,1,銮
1835,0,9,1,害
1836,0,8,1,配
1837,0,0,1,掐
1838,0,0,1,栊
1839,0,0,1,睎
1840,0,2,1,旄
1841,0,0,1,荇
1842,0,0,1,峭
1843,0,0,1,掌
1844,0,14,1,嘉
1845,1,0,1,乡
1846,0,1,1,敉
1847,0,0,1,睇
1848,134,2,1,牢
1849,0,0,1,涠
1850,0,0,1,稳
1851,4,0,1,面
1852,0,0,1,虮
1853,0,0,1,窥
1854,0,0,1,嵬
1855,3,6,1,兵
1856,0,0,1,饿
1857,17,3,1,象
1858,72,0,0,冓
1859,0,0,1,孱
1860,0,0,1,荫
1861,0,0,1,揣
1862,101,61,1,吉
1863,0,0,1,吸
1864,1,0,1,辱
1865,0,0,1,绮
1866,7,0,1,示
1867,0,8,1,笋
1868,0,0,1,桀
1869,1,0,0,炘
1870,0,0,1,助
1871,1,0,1,娶
1872,4,12,1,可
1873,0,0,1,锽
1874,0,1,1,弨
1875,0,0,1,牿
1876,6,13,1,旦
1877,0,0,1,捭
1878,0,0,1,究
1879,0,20,1,造
1880,1,1,1,兹
1881,1,0,0,偪
1882,0,0,1,喈
1883,0,3,1,勤
1884,0,11,1,懋
1885,0,1,1,芮
1886,0,0,1,琛
1887,0,0,1,涅
1888,0,0,1,赴
1889,0,6,1,冢
1890,0,0,1,园
1891,0,0,1,遁
1892,2,0,1,恙
1893,0,0,1,读
1894,0,0,1,蓂
1895,0,0,1,线
1896,0,0,1,债
1897,0,12,1,遽
1898,0,0,1,篮
1899,4,14,1,秉
1900,0,0,1,揠
1901,3,1,1,斝
1902,0,0,1,鄑
1903,0,0,1,葭
1904,0,0,1,诬
1905,0,0,1,琵
1906,0,0,1,燋
1907,6,0,0,掔
1908,0,0,1,飏
1909,7,0,1,主
1910,0,0,1,猫
1911,0,0,1,杵
1912,215,124,1,隹
1913,0,0,1,婿
1914,1,0,1,占
1915,0,10,1,毛
1916,46,0,1,麋
1917,0,1,1,厌
1918,2,0,1,硪
1919,0,0,1,刭
1920,0,0,1,荄
1921,3,23,1,登
1922,0,2,1,铜
1923,0,0,1,俳
1924,0,1,1,赋
1925,0,0,1,沾
1926,21,6,1,听
1927,17,20,0,录
1928,0,0,1,刹
1929,0,0,1,哆
1930,0,0,1,份
1931,0,7,1,许
1932,1,4,1,昱
1933,0,0,1,鄢
1934,0,0,1,镡
1935,6,0,0,圂
1936,0,1,1,懈
1937,1,0,1,晦
1938,2,0,0,侜
1939,0,0,1,慢
1940,1,0,1,猴
1941,0,0,1,濮
1942,0,0,1,蛾
1943,65,26,1,白
1944,0,0,1,倪
1945,0,0,1,溢
1946,1,8,1,木
1947,0,0,1,策
1948,0,0,1,但
1949,26,0,0,晵
1950,3,0,0,旡
1951,0,1,1,吏
1952,0,0,1,薰
1953,22,0,0,誖
1954,1,0,0,拯
1955,0,0,1,佻
1956,0,14,1,政
1957,1,0,0,吊
1958,60,0,0,朢
1959,0,0,1,纰
1960,0,0,1,钵
1961,0,0,1,鲋
1962,0,0,1,穰
1963,0,1,1,愚
1964,13,3,1,龠
1965,0,2,1,苏
1966,0,0,1,腥
1967,0,0,1,缅
1968,0,0,1,恻
1969,0,0,1,湝
1970,0,0,1,溇
1971,0,0,1,蒜
1972,0,0,1,税
1973,0,0,1,旷
1974,0,0,1,袤
1975,0,0,1,哭
1976,30,0,1,物
1977,0,0,1,眙
1978,0,0,1,鸱
1979,26,0,1,娥
1980,0,1,1,围
1981,9,11,1,角
1982,0,0,1,帨
1983,0,0,1,衰
1984,57,0,1,弇
1985,0,3,1,段
1986,0,0,1,译
1987,0,0,1,枥
1988,0,0,1,䓛
1989,0,0,1,搅
1990,0,0,1,聱
1991,1,3,0,渊
1992,0,0,1,匦
1993,0,0,1,寰
1994,0,0,1,赣
1995,1,2,1,幼
1996,0,0,1,浼
1997,0,0,1,迓
1998,0,0,1,祺
1999,0,0,1,绳
2000,231,33,1,日
2001,1,0,1,凄
2002,0,0,1,笼
2003,0,0,1,枨
2004,0,0,1,碌
2005,0,0,1,俪
2006,0,11,1,阑
2007,0,0,1,奉
2008,0,0,1,狎
2009,0,0,1,倏
2010,2,44,1,姜
2011,0,0,1,副
2012,0,0,1,伎
2013,0,0,1,坰
2014,0,0,1,茕
2015,0,0,1,啧
2016,35,21,1,得
2017,0,0,1,褰
2018,0,0,1,卮
2019,0,0,1,汭
2020,0,0,1,技
2021,0,0,1,湮
2022,4,0,0,洀
2023,0,0,1,巧
2024,1,0,1,狂
2025,0,0,1,篡
2026,0,0,1,姚
2027,0,0,1,铗
2028,0,0,1,笙
2029,0,0,1,俚
2030,0,0,1,熄
2031,61,4,1,鹿
2032,0,0,1,租
2033,0,0,1,轫
2034,0,0,1,泣
2035,0,0,1,筦
2036,0,0,1,瓯
2037,55,3,1,逐
2038,2,0,0,丂
2039,0,0,1,痤
2040,0,0,1,蓟
2041,4,0,0,辵
2042,1,0,0,尻
2043,2,4,1,曹
2044,0,0,1,儡
2045,0,0,1,琥
2046,0,0,1,姿
2047,0,0,1,侂
2048,0,0,1,借
2049,0,3,1,厉
2050,110,23,1,取
2051,0,0,1,魔
2052,0,0,1,翁
2053,0,0,1,溯
2054,0,0,1,肸
2055,0,0,1,骙
2056,0,0,1,悠
2057,23,0,0,朿
2058,0,3,1,肃
2059,0,0,1,瑞
2060,29,2,1,系
2061,0,0,1,梗
2062,20,20,1,逆
2063,1,0,1,舳
2064,0,0,1,鋈
2065,0,0,1,杓
2066,0,0,1,簸
2067,0,12,1,舄
2068,0,0,1,觇
2069,0,0,1,旐
2070,4,6,1,封
2071,22,15,1,巴
2072,0,0,1,硙
2073,0,0,1,蹋
2074,0,0,1,挹
2075,0,0,1,衃
2076,0,2,1,容
2077,0,1,0,扰
2078,1,0,1,汜
2079,0,2,0,孰
2080,10,0,1,晕
2081,0,17,1,章
2082,0,0,1,糖
2083,0,1,1,绩
2084,0,0,1,茄
2085,0,0,1,袒
2086,19,0,1,云
2087,0,0,1,镖
2088,0,0,1,鄃
2089,2,1,1,妆
2090,0,0,1,锤
2091,0,2,1,漾
2092,0,0,1,砻
2093,0,0,1,议
2094,11,1,1,辔
2095,0,0,1,熛
2096,1,0,1,潢
2097,0,0,1,沟
2098,19,4,1,口
2099,0,0,1,髫
2100,0,0,1,诣
2101,0,0,1,胞
2102,1,0,0,屮
2103,0,0,1,殪
2104,0,0,1,挂
2105,0,0,1,警
2106,0,2,1,甸
2107,0,0,1,扛
2108,0,0,1,祇
2109,0,0,1,计
2110,0,0,1,唾
2111,0,0,1,憧
2112,0,0,1,栈
2113,18,0,0,褮
2114,0,0,1,狸
2115,0,0,1,鹯
2116,0,0,1,咄
2117,0,0,1,刎
2118,0,0,1,综
2119,2,0,1,艅
2120,1,0,1,律
2121,0,0,1,幂
2122,4,17,0,徒
2123,0,0,1,晏
2124,0,0,1,拱
2125,3,9,1,畏
2126,0,0,1,訚
2127,0,0,1,悸
2128,46,2,1,韦
2129,78,20,1,盂
2130,0,0,1,颤
2131,0,0,1,垚
2132,0,0,1,轶
2133,0,0,1,溶
2134,0,0,1,缫
2135,0,0,1,瓠
2136,0,0,1,赂
2137,0,0,1,杖
2138,0,0,1,阆
2139,0,0,1,桄
2140,0,0,1,邃
2141,0,8,1,甬
2142,0,0,1,唏
2143,0,0,1,溱
2144,0,0,1,皎
2145,0,0,1,垠
2146,0,0,1,瘘
2147,0,0,1,湲
2148,0,0,1,梣
2149,0,0,1,跛
2150,0,0,1,砭
2151,0,0,1,屑
2152,0,0,1,填
2153,0,0,1,辙
2154,0,0,1,绯
2155,0,0,1,酊
2156,0,0,1,偻
2157,0,0,1,筲
2158,0,0,1,酤
2159,49,0,0,垔
2160,0,0,1,猛
2161,1,0,1,扔
2162,0,0,1,嘤
2163,0,0,1,谪
2164,0,0,1,躅
2165,0,0,1,叛
2166,0,3,1,实
2167,0,0,1,喘
2168,41,0,0,夒
2169,0,0,1,挥
2170,11,7,1,兮
2171,0,0,1,彩
2172,68,0,1,雀
2173,24,15,1,攻
2174,1,0,1,陴
2175,0,1,1,志
2176,0,2,0,替
2177,0,0,1,练
2178,0,0,1,曳
2179,0,0,1,翩
2180,0,8,1,忘
2181,0,0,1,赧
2182,0,0,1,凝
2183,2,3,1,铸
2184,0,1,1,愆
2185,51,2,1,何
2186,0,0,1,茗
2187,63,2,1,旬
2188,0,0,1,歼
2189,0,0,1,跟
2190,0,0,1,毐
2191,0,0,1,融
2192,0,0,1,凓
2193,0,0,1,脆
2194,0,0,1,赳
2195,0,2,1,招
2196,0,0,1,蔚
2197,0,0,1,酲
2198,55,0,1,梦
2199,44,51,1,成
2200,0,0,1,拗
2201,0,1,1,毁
2202,0,0,1,弑
2203,0,0,1,嫉
2204,9,61,1,休
2205,1,0,1,倞
2206,0,1,1,市
2207,7,0,0,疋
2208,0,0,1,痹
2209,0,0,1,貂
2210,0,0,1,鳢
2211,94,20,1,入
2212,0,0,1,帙
2213,0,2,1,侪
2214,0,0,1,软
2215,3,110,1,孙
2216,0,2,1,慈
2217,3,4,1,艿
2218,0,0,1,等
2219,0,0,1,咤
2220,0,0,1,裸
2221,0,1,1,脐
2222,0,0,1,娉
2223,0,0,1,筵
2224,1,0,0,釆
2225,0,0,1,剔
2226,8,201,1,彝
2227,0,2,1,冀
2228,0,0,1,坷
2229,0,0,1,滁
2230,0,0,1,侹
2231,0,0,1,铉
2232,0,0,1,殴
2233,2,0,1,眚
2234,0,0,1,赠
2235,15,6,1,偁
2236,1,0,1,续
2237,0,2,1,彪
2238,0,0,1,隆
2239,1,0,1,暴
2240,13,1,1,昃
2241,0,0,1,岱
2242,0,0,1,衎
2243,0,0,1,楠
2244,0,0,1,愃
2245,0,0,1,玕
2246,0,4,1,两
2247,0,0,1,戢
2248,0,0,1,灸
2249,0,0,1,祐
2250,0,3,1,班
2251,0,0,1,阘
2252,0,0,1,潺
2253,9,67,1,公
2254,0,0,1,昂
2255,0,0,1,粲
2256,0,0,1,僰
2257,0,0,1,衫
2258,0,0,1,榻
2259,0,0,1,坐
2260,0,0,1,卸
2261,0,0,1,淜
2262,0,0,1,创
2263,11,0,1,米
2264,1,3,1,辇
2265,0,0,1,筚
2266,0,0,1,腔
2267,12,0,1,雉
2268,0,0,1,庥
2269,0,0,1,枳
2270,0,0,1,蹩
2271,0,0,1,蹲
2272,0,0,1,核
2273,0,0,1,罂
2274,0,0,1,畬
2275,0,0,1,趄
2276,0,0,1,蝓
2277,1,16,1,左
2278,0,0,1,骏
2279,0,0,1,绢
2280,0,0,1,臆
2281,0,5,1,剑
2282,0,0,1,涝
2283,0,0,1,嬥
2284,2,0,0,罦
2285,0,0,1,瞍
2286,0,0,1,璁
2287,1,1,1,李
2288,1,0,1,涿
2289,0,0,1,峃
2290,0,6,1,阴
2291,0,0,1,栌
2292,0,0,1,负
2293,0,1,1,沅
2294,0,0,1,枢
2295,0,0,1,穿
2296,110,27,1,土
2297,0,0,1,翻
2298,1,0,0,徉
2299,0,0,1,朗
2300,0,0,1,签
2301,0,0,1,葺
2302,0,0,1,侦
2303,0,3,1,夺
2304,1,1,1,侄
2305,0,0,1,蓄
2306,0,0,1,岨
2307,12,0,0,卣
2308,0,0,1,窳
2309,0,0,1,障
2310,0,1,1,斋
2311,0,0,1,橦
2312,4,0,1,呈
2313,0,0,1,娆
2314,22,2,1,率
2315,0,0,1,绻
2316,0,0,1,瑑
2317,1,3,1,升
2318,2,0,0,徬
2319,4,1,1,断
2320,0,0,1,琀
2321,0,3,1,惕
2322,0,0,1,补
2323,0,0,1,邂
2324,1,6,0,免
2325,0,1,1,谓
2326,0,0,1,涢
2327,0,1,1,速
2328,0,2,0,亮
2329,0,1,1,便
2330,0,0,1,胁
2331,0,0,1,臂
2332,0,0,1,拈
2333,43,25,1,酉
2334,0,0,1,款
2335,0,0,1,阮
2336,130,38,1,人
2337,0,0,1,珑
2338,0,0,1,蒲
2339,0,0,1,璐
2340,0,0,1,泛
2341,0,0,1,屾
2342,1,0,0,夌
2343,0,0,1,港
2344,0,0,1,僔
2345,0,0,1,薜
2346,64,14,1,归
2347,0,0,1,耐
2348,0,0,1,嫽
2349,0,0,1,郗
2350,108,34,1,南
2351,0,0,1,辕
2352,20,0,1,专
2353,0,1,1,转
2354,0,0,1,葑
2355,0,0,1,垒
2356,0,0,1,忻
2357,10,0,1,泉
2358,0,0,1,鲷
2359,113,16,1,帝
2360,0,0,1,捶
2361,0,0,1,髀
2362,0,0,1,跂
2363,0,0,1,蛙
2364,0,0,1,役
2365,100,2,1,若
2366,0,0,1,埂
2367,0,0,1,诵
2368,4,50,1,者
2369,0,0,1,犍
2370,0,0,1,称
2371,0,0,1,麀
2372,0,0,1,鞮
2373,0,1,1,婴
2374,0,0,1,愍
2375,0,0,1,荚
2376,0,0,1,检
2377,0,0,1,缢
2378,0,0,1,蝈
2379,1,13,1,庶
2380,2,14,1,心
2381,0,8,1,叶
2382,1,1,1,棘
2383,0,0,1,粳
2384,0,0,1,竖
2385,0,0,1,幢
2386,0,0,1,赉
2387,0,0,1,笫
2388,1,1,1,冲
2389,0,0,1,诫
2390,0,2,1,衡
2391,13,52,1,车
2392,1,30,1,辟
2393,0,0,1,谶
2394,0,0,1,壸
2395,0,0,1,黛
2396,0,2,1,奎
2397,94,0,1,勺
2398,3,19,1,乐
2399,0,0,1,澹
2400,1,0,1,沫
2401,0,0,1,扇
2402,4,0,1,习
2403,0,0,1,喙
2404,0,0,1,淇
2405,1,0,1,秋
2406,0,0,1,崟
2407,0,2,1,颜
2408,0,0,1,鹤
2409,4,0,1,祏
2410,0,0,1,橑
2411,0,3,1,娈
2412,3,0,0,聑
2413,0,0,1,缘
2414,1,0,1,绿
2415,0,0,1,瓮
2416,1,11,1,惠
2417,0,0,1,阈
2418,2,0,1,厩
2419,0,0,1,幔
2420,30,3,1,伊
2421,0,0,1,蔬
2422,0,0,1,酾
2423,0,0,1,肭
2424,0,0,1,媛
2425,0,0,1,焜
2426,34,21,1,喜
2427,27,0,1,翊
2428,0,0,1,膀
2429,0,0,1,瘗
2430,0,0,1,洸
2431,0,0,1,罍
2432,7,0,1,鼠
2433,0,0,1,沂
2434,0,0,1,菉
2435,0,0,1,棐
2436,0,0,1,猜
2437,33,16,1,长
2438,3,0,1,演
2439,0,0,1,恔
2440,0,0,1,随
2441,0,0,1,逅
2442,0,0,1,婞
2443,0,0,1,绉
2444,0,0,1,鹖
2445,0,2,1,铺
2446,0,0,1,珰
2447,0,0,1,最
2448,0,0,1,窃
2449,13,54,1,鲁
2450,0,0,1,伺
2451,0,0,1,黏
2452,173,29,1,田
2453,0,0,1,舛
2454,0,0,1,茬
2455,0,0,1,獒
2456,0,1,1,偿
2457,0,2,1,奢
2458,0,0,1,暵
2459,2,14,1,句
2460,0,0,1,嫌
2461,0,0,1,琢
2462,2,0,1,联
2463,0,0,1,鲂
2464,0,1,1,椑
2465,0,0,1,溧
2466,0,0,1,窍
2467,142,44,1,我
2468,0,0,1,胶
2469,0,0,1,叨
2470,0,0,1,绐
2471,0,0,1,笔
2472,0,0,1,楹
2473,0,0,1,醺
2474,0,0,1,俑
2475,0,3,0,群
2476,1,1,1,昌
2477,0,0,1,稔
2478,3,12,1,淮
2479,7,0,0,靃
2480,0,1,1,郯
2481,0,0,1,萱
2482,0,0,1,缱
2483,0,0,1,痂
2484,0,0,1,莞
2485,0,0,1,汶
2486,0,27,1,么
2487,1,2,1,爪
2488,0,0,1,讨
2489,0,0,1,贫
2490,0,0,1,闶
2491,0,0,1,酴
2492,0,0,1,陉
2493,0,0,1,汲
2494,0,8,1,遂
2495,18,144,1,鼎
2496,0,1,1,锺
2497,0,2,1,湛
2498,0,0,1,久
2499,0,0,1,轲
2500,2,0,0,澫
2501,1,8,1,国
2502,0,0,1,嘻
2503,0,0,1,阍
2504,0,0,1,啸
2505,0,0,1,摹
2506,0,0,1,恭
2507,0,0,1,轧
2508,0,44,1,饲
2509,0,0,1,玺
2510,3,15,1,官
2511,0,2,1,赦
2512,14,0,1,吠
2513,0,4,1,陶
2514,0,0,1,懵
2515,1,60,1,朋
2516,0,0,1,坋
2517,0,3,1,野
2518,0,0,1,幞
2519,0,0,1,机
2520,0,0,1,癣
2521,0,0,1,思
2522,0,0,1,况
2523,0,0,1,钱
2524,0,0,1,鬒
2525,0,0,1,玖
2526,0,1,1,戮
2527,79,1,1,黍
2528,0,0,1,吞
2529,0,0,1,槽
2530,1,6,1,斧
2531,2,2,1,任
2532,3,101,1,对
2533,0,0,1,妒
2534,2,4,1,冉
2535,0,0,1,闳
2536,0,0,1,摊
2537,0,4,1,祜
2538,0,0,1,窠
2539,0,0,1,梨
2540,0,0,1,浃
2541,0,2,1,纠
2542,0,0,1,朴
2543,1,10,1,阳
2544,0,0,1,怒
2545,0,0,1,案
2546,7,0,1,蚕
2547,0,0,1,就
2548,0,0,1,谖
2549,69,0,1,沚
2550,0,0,1,慵
2551,0,0,1,眩
2552,0,0,1,菼
2553,0,0,1,佴
2554,0,0,1,蒂
2555,0,0,1,斡
2556,0,0,1,昪
2557,0,0,1,佝
2558,0,4,1,狄
2559,0,1,1,簧
2560,0,0,1,匐
2561,1,0,0,瞂
2562,0,0,1,殛
2563,0,0,1,瞿
2564,0,0,1,轻
2565,0,3,1,鞭
2566,1,0,0,櫅
2567,0,0,1,医
2568,0,0,1,瀣
2569,0,0,1,囊
2570,0,0,1,溽
2571,0,0,1,喁
2572,0,0,1,踬
2573,0,0,1,按
2574,0,0,1,韪
2575,0,0,1,燠
2576,0,0,1,菩
2577,22,0,0,雝
2578,0,0,1,暨
2579,1,0,0,户
2580,0,0,1,壹
2581,0,0,1,祢
2582,0,0,1,莝
2583,0,0,1,糕
2584,0,0,1,鬟
2585,0,0,1,椓
2586,0,0,1,锐
2587,47,29,1,及
2588,0,0,1,谞
2589,2,25,1,黹
2590,0,0,1,仇
2591,0,0,1,嚏
2592,0,0,1,辖
2593,56,44,1,般
2594,3,37,0,夙
2595,9,0,1,宙
2596,29,16,1,卅
2597,13,39,1,寅
2598,0,0,1,娟
2599,1,2,1,顺
2600,0,0,1,打
2601,17,1,1,侵
2602,0,25,1,世
2603,0,3,1,闲
2604,0,0,1,槚
2605,71,0,1,骨
2606,141,25,1,丁
2607,0,0,1,亏
2608,0,6,1,臧
2609,16,252,1,尊
2610,0,42,1,剌
2611,1,12,1,引
2612,0,0,1,鹧
2613,0,0,1,粼
2614,0,0,1,趁
2615,1,2,0,往
2616,0,0,1,愦
2617,0,0,1,落
2618,8,11,1,千
2619,0,2,1,磷
2620,0,4,1,贤
2621,0,0,1,苦
2622,0,0,1,郎
2623,0,1,0,觅
2624,0,0,1,髃
2625,0,0,1,啴
2626,0,0,1,弯
2627,0,0,1,浏
2628,0,1,1,哦
2629,1,1,1,酌
2630,0,0,1,祁
2631,0,0,1,写
2632,0,0,1,轺
2633,0,0,1,橙
2634,91,85,1,母
2635,0,0,1,蘸
2636,3,1,1,绝
2637,0,0,1,嗷
2638,0,0,1,喑
2639,0,0,1,渍
2640,0,0,1,昒
2641,0,0,1,穸
2642,0,0,1,驮
2643,0,0,1,汹
2644,0,0,1,修
2645,0,0,1,焊
2646,6,4,1,责
2647,0,0,1,娄
2648,0,1,1,耆
2649,0,0,1,爨
2650,0,0,1,挪
2651,0,0,1,烈
2652,31,19,1,咸
2653,0,0,1,睢
2654,0,0,1,氿
2655,1,3,1,仓
2656,0,0,1,瘌
2657,0,1,1,惮
2658,0,0,1,痱
2659,0,0,1,媲
2660,2,9,1,非
2661,0,0,1,葴
2662,0,0,1,虬
2663,1,1,1,禘
2664,28,0,0,竝
2665,0,0,1,摄
2666,0,1,1,颉
2667,0,0,1,蟥
2668,0,0,1,剖
2669,25,5,1,丘
2670,5,212,0,万
2671,0,0,1,缵
2672,0,0,1,杼
2673,0,0,1,柝
2674,0,0,1,蔷
2675,0,0,1,屏
2676,0,0,1,破
2677,0,0,1,鞋
2678,0,0,1,呶
2679,2,0,1,虫
2680,0,0,1,灭
2681,0,0,1,傀
2682,0,0,1,袜
2683,0,0,1,垛
2684,0,0,1,额
2685,0,0,1,昵
2686,0,0,1,契
2687,0,0,1,柙
2688,0,0,1,逼
2689,0,0,1,纴
2690,0,0,1,栝
2691,65,0,1,施
2692,265,104,1,之
2693,0,0,1,觜
2694,125,143,1,旅
2695,1,0,1,址
2696,0,0,1,莎
2697,0,0,1,穗
2698,0,0,1,激
2699,14,14,0,吕
2700,0,0,1,刻
2701,0,0,1,炊
2702,4,6,1,耳
2703,0,0,1,骛
2704,0,0,1,嗜
2705,0,0,1,很
2706,0,0,1,捎
2707,0,1,1,窎
2708,0,139,0,寿
2709,144,27,1,行
2710,0,1,1,觐
2711,0,0,1,赞
2712,0,1,1,湖
2713,0,0,1,询
2714,0,0,1,荤
2715,1,3,1,畜
2716,1,0,0,狈
2717,0,0,1,枵
2718,0,0,1,稀
2719,0,1,1,稷
2720,0,0,1,镰
2721,0,0,1,幅
2722,0,3,1,汪
2723,1,3,1,庸
2724,0,0,1,肋
2725,0,4,1,吾
2726,0,0,1,浴
2727,0,0,1,珝
2728,0,9,1,城
2729,0,0,1,味
2730,0,0,1,捕
2731,0,0,1,擅
2732,1,0,1,燎
2733,0,0,1,瓷
2734,0,0,1,赖
2735,0,0,1,袂
2736,0,0,1,域
2737,0,3,1,几
2738,0,0,1,疫
2739,0,0,1,疥
2740,0,0,1,绸
2741,0,0,1,薮
2742,0,1,1,筑
2743,2,4,1,丝
2744,2,0,0,猱
2745,2,0,1,阜
2746,0,2,1,柬
2747,0,0,1,溠
2748,6,5,1,虞
2749,0,0,1,纣
2750,0,0,1,悈
2751,0,0,1,稌
2752,0,0,1,澌
2753,0,0,1,浇
2754,0,0,1,秆
2755,0,0,1,院
2756,0,0,1,蠖
2757,0,1,1,蚊
2758,0,0,1,甓
2759,0,0,1,床
2760,1,0,0,礿
2761,0,0,1,湫
2762,0,0,1,镃
2763,0,0,1,飒
2764,0,0,1,勠
2765,0,0,1,阉
2766,186,22,1,今
2767,0,0,1,浪
2768,0,0,1,搜
2769,151,50,1,受
2770,0,0,1,黪
2771,1,0,1,娀
2772,0,0,1,醋
2773,1,1,1,绥
2774,1,0,1,宛
2775,3,19,1,同
2776,29,24,1,工
2777,0,1,1,闵
2778,0,0,1,杷
2779,2,0,0,姃
2780,0,0,1,肩
2781,0,0,1,淬
2782,0,0,1,硗
2783,0,1,1,宦
2784,0,0,1,淦
2785,0,0,1,吃
2786,0,0,1,芣
2787,0,0,1,郈
2788,0,0,1,珽
2789,0,0,1,垦
2790,0,0,1,媆
2791,0,0,1,治
2792,0,0,1,蚺
2793,0,0,1,惎
2794,0,1,1,乱
2795,0,1,1,辜
2796,0,0,1,芙
2797,16,0,0,眣
2798,0,0,1,底
2799,0,0,1,脾
2800,0,0,1,黯
2801,96,49,1,氏
2802,0,0,1,柃
2803,0,0,1,鲸
2804,0,0,1,统
2805,0,0,1,管
2806,0,0,1,葵
2807,19,27,1,明
2808,0,0,1,叕
2809,0,0,1,囟
2810,0,0,1,疲
2811,0,0,1,枲
2812,0,0,1,榛
2813,0,7,1,神
2814,0,0,1,诉
2815,108,0,0,弜
2816,0,0,1,懦
2817,0,0,1,瘳
2818,0,0,1,罶
2819,0,0,1,诘
2820,0,0,1,娲
2821,3,0,0,脽
2822,0,7,1,所
2823,1,12,1,念
2824,0,0,1,私
2825,0,0,1,圆
2826,0,0,1,铁
2827,0,0,1,胚
2828,0,0,1,逶
2829,0,0,1,矫
2830,0,0,1,蠕
2831,0,4,0,报
2832,0,1,1,帏
2833,0,3,1,临
2834,0,1,1,馑
2835,0,0,1,犊
2836,0,0,1,聪
2837,0,0,1,畎
2838,0,1,1,颔
2839,0,2,1,末
2840,39,0,1,干
2841,0,0,1,淖
2842,0,0,1,杳
2843,133,59,1,曰
2844,1,0,0,熿
2845,0,0,1,狷
2846,3,1,1,页
2847,0,0,1,说
2848,0,6,1,付
2849,0,0,1,蓏
2850,0,0,1,酪
2851,0,0,1,妲
2852,12,23,1,山
2853,15,10,1,舟
2854,0,0,1,稑
2855,0,0,1,俟
2856,1,1,1,傧
2857,0,9,1,期
2858,0,0,1,蕈
2859,0,0,1,惹
2860,0,0,1,瑀
2861,0,0,1,坫
2862,0,0,1,媱
2863,0,0,1,炜
2864,0,0,1,滑
2865,0,0,1,簃
2866,1,2,1,闭
2867,0,0,1,铲
2868,0,0,1,陕
2869,0,0,1,糟
2870,0,0,1,龇
2871,0,0,1,劣
2872,0,0,1,索
2873,25,1,1,化
2874,16,15,1,安
2875,0,1,1,潭
2876,0,0,1,阀
2877,0,1,1,俱
2878,0,3,1,镈
2879,0,0,1,嫠
2880,2,0,1,驱
2881,0,0,1,涧
2882,0,3,1,黑
2883,0,4,1,楙
2884,0,1,1,本
2885,0,0,1,驵
2886,0,0,1,僻
2887,2,0,0,娕
2888,0,0,1,孤
2889,0,1,1,裔
2890,21,1,0,谢
2891,0,0,1,厥
2892,0,4,1,诈
2893,0,0,1,瘢
2894,0,0,1,寤
2895,3,1,1,卒
2896,0,26,1,台
2897,1,0,1,肘
2898,0,0,1,恸
2899,0,0,1,靬
2900,0,0,1,踵
2901,0,0,1,饯
2902,0,0,1,唱
2903,0,0,1,沄
2904,0,0,1,脑
2905,0,0,1,曷
2906,0,2,1,泸
2907,61,31,1,邑
2908,0,0,1,煦
2909,0,0,1,誉
2910,0,0,1,茜
2911,0,0,1,璀
2912,0,0,1,握
2913,0,0,1,飐
2914,0,0,1,犯
2915,0,3,1,建
2916,0,0,1,股
2917,0,0,1,悍
2918,0,0,1,碎
2919,1,7,0,薛
2920,0,0,1,郫
2921,0,0,1,鳎
2922,0,0,1,觊
2923,0,0,1,踶
2924,0,0,1,禁
2925,0,0,1,龉
2926,0,0,1,肾
2927,3,0,0,俞
2928,0,30,1,器
2929,0,0,1,喷
2930,0,0,1,瀱
2931,0,0,1,披
2932,0,0,1,璩
2933,0,0,1,纺
2934,1,0,1,沓
2935,0,0,1,眼
2936,0,0,1,膂
2937,0,0,1,权
2938,0,0,1,辈
2939,0,0,1,逮
2940,0,0,1,翰
2941,3,0,1,槁
2942,0,0,1,玄
2943,1,0,1,祓
2944,0,0,1,鄞
2945,0,0,1,让
2946,0,0,1,漱
2947,0,1,1,堋
2948,0,1,1,庭
2949,0,0,1,磊
2950,0,1,1,荒
2951,0,0,1,拘
2952,0,25,1,是
2953,33,4,1,去
2954,0,0,1,邈
2955,0,0,1,倓
2956,0,0,1,娑
2957,0,0,1,忝
2958,0,0,1,绋
2959,0,0,1,挺
2960,0,0,1,紊
2961,0,2,1,郸
2962,0,0,1,岐
2963,0,0,1,唁
2964,0,0,1,鳣
2965,3,6,1,豆
2966,1,0,1,雏
2967,0,0,1,委
2968,81,23,1,亚
2969,0,1,1,锯
2970,0,0,1,岚
2971,0,0,1,赪
2972,0,0,1,棨
2973,1,1,1,动
2974,2,0,0,砓
2975,0,0,1,慨
2976,0,0,1,刊
2977,0,0,1,獠
2978,0,2,1,谁
2979,0,0,1,灌
2980,0,0,1,团
2981,0,0,1,悄
2982,0,0,1,琐
2983,0,0,1,控
2984,0,0,1,釜
2985,0,0,1,忿
2986,0,0,1,鄚
2987,0,0,1,磔
2988,0,0,1,篝
2989,26,0,0,匄
2990,0,0,1,箴
2991,0,0,1,薇
2992,0,0,1,漉
2993,63,23,1,卯
2994,0,0,1,祆
2995,0,0,1,愁
2996,0,0,1,掸
2997,0,0,1,察
2998,14,2,1,卜
2999,0,0,1,洼
3000,0,0,1,饥
3001,1,4,1,枚
3002,0,0,1,纾
3003,130,61,1,商
3004,18,13,1,矢
3005,9,25,1,丰
3006,0,0,1,瘤
3007,0,0,1,惴
3008,0,0,1,酏
3009,0,0,1,锸
3010,0,0,1,馔
3011,1,0,1,饱
3012,0,0,1,拂
3013,0,0,1,置
3014,0,1,1,俾
3015,0,0,1,鬓
3016,0,0,1,瞢
3017,0,0,1,殆
3018,0,0,1,竫
3019,0,0,1,涤
3020,0,0,1,踝
3021,0,0,1,倨
3022,0,0,1,腴
3023,0,0,1,迅
3024,0,0,1,像
3025,0,2,1,卓
3026,0,0,1,鼽
3027,0,1,1,惧
3028,0,0,1,纷
3029,20,0,0,豖
3030,0,0,1,霓
3031,4,3,1,郁
3032,0,0,1,沪
3033,0,1,1,慎
3034,12,0,0,龏
3035,13,26,1,昜
3036,0,0,1,悔
3037,0,0,1,禅
3038,0,0,1,呻
3039,0,0,1,糈
3040,0,1,1,䝙
3041,0,0,1,莪
3042,0,0,1,根
3043,0,1,1,杙
3044,0,0,1,芰
3045,3,0,1,兆
3046,0,0,1,横
3047,0,0,1,殿
3048,98,21,1,羊
3049,0,0,1,楮
3050,0,6,1,忧
3051,0,0,1,盼
3052,0,0,1,嘲
3053,1,7,1,杜
3054,0,0,1,颏
3055,0,1,1,钲
3056,0,0,1,街
3057,0,0,1,谑
3058,1,1,1,诺
3059,0,0,1,紧
3060,0,0,1,镞
3061,0,6,1,胤
3062,42,22,1,死
3063,0,0,1,芳
3064,117,152,1,用
3065,0,0,1,蝎
3066,0,0,1,譬
3067,0,0,1,痒
3068,0,0,1,模
3069,28,14,1,巨
3070,8,0,1,阱
3071,1,0,1,斫
3072,0,0,1,洵
3073,0,0,1,捋
3074,0,1,1,谰
3075,0,0,1,蟆
3076,48,46,1,百
3077,1,5,1,传
3078,0,0,1,阒
3079,0,0,1,椭
3080,0,0,1,抟
3081,0,0,1,饬
3082,0,0,1,奕
3083,0,0,1,淅
3084,0,1,1,冒
3085,1,0,0,紟
3086,1,55,1,命
3087,0,0,1,胲
3088,0,1,1,陨
3089,0,0,1,娴
3090,0,0,1,趿
3091,0,0,1,匈
3092,0,0,1,勚
3093,11,6,1,比
3094,37,8,1,遘
3095,0,0,1,慑
3096,0,0,1,拾
3097,6,4,1,毓
3098,0,0,1,眯
3099,0,0,1,署
3100,0,0,1,蚌
3101,0,0,1,髡
3102,4,4,1,恒
3103,26,33,1,井
3104,0,1,1,测
3105,0,6,1,图
3106,0,0,1,炯
3107,0,0,1,瀹
3108,0,0,1,佽
3109,0,1,1,膺
3110,0,25,1,蔡
3111,0,0,1,擿
3112,0,0,1,鹠
3113,0,2,1,侧
3114,0,0,1,泅
3115,0,24,1,夜
3116,32,18,1,门
3117,0,0,1,渚
3118,0,0,1,萄
3119,0,0,1,泥
3120,50,22,1,甲
3121,0,0,1,筠
3122,0,0,1,槎
3123,0,8,1,佩
3124,0,0,1,孜
3125,0,0,1,玠
3126,0,0,1,蛛
3127,0,0,1,睑
3128,1,0,1,牟
3129,0,3,1,字
3130,0,0,1,峦
3131,0,0,1,垤
3132,0,0,1,诔
3133,0,1,1,侮
3134,118,16,1,只
3135,98,64,1,令
3136,0,0,1,椽
3137,0,0,1,崇
3138,0,0,1,鬣
3139,0,0,1,俣
3140,7,0,0,歹
3141,0,0,1,想
3142,0,0,1,眄
3143,0,0,1,纥
3144,0,0,1,材
3145,1,49,1,祈
3146,0,0,1,掘
3147,0,0,1,髌
3148,270,5,1,雨
3149,0,0,1,袪
3150,0,0,1,砮
3151,0,0,1,鳜
3152,1,2,1,匿
3153,0,0,1,秫
3154,0,0,1,皲
3155,0,0,1,泗
3156,0,0,1,瞥
3157,0,0,1,勹
3158,0,0,1,蕊
3159,0,0,1,芊
3160,0,1,1,朔
3161,0,2,1,肆
3162,0,0,1,弢
3163,0,0,1,薁
3164,5,0,0,汝
3165,1,1,1,伯
3166,0,1,1,柞
3167,0,0,1,葚
3168,0,1,1,兼
3169,18,0,1,毌
3170,1,0,0,烕
3171,0,0,1,那
3172,0,1,1,冈
3173,0,0,1,烨
3174,0,0,1,蚓
3175,0,1,1,邳
3176,0,0,1,抨
3177,0,2,0,盖
3178,0,0,1,离
3179,0,0,1,翎
3180,0,0,1,漹
3181,0,36,1,剩
3182,0,0,1,驴
3183,0,0,1,骥
3184,0,2,0,饔
3185,0,0,1,佾
3186,0,0,1,倍
3187,0,1,1,逞
3188,0,0,1,庱
3189,0,0,1,孺
3190,2,0,0,丩
3191,0,1,1,邕
3192,0,0,1,音
3193,0,0,1,岑
3194,1,1,1,沮
3195,0,0,1,箱
3196,0,0,1,怊
3197,0,0,1,缃
3198,2,2,1,巾
3199,0,1,1,澧
3200,0,0,1,欲
3201,0,0,1,郪
3202,2,30,1,妇
3203,0,4,0,匀
3204,4,9,1,盥
3205,0,0,1,缕
3206,53,19,1,戌
3207,0,0,1,墉
3208,0,0,1,俜
3209,0,0,1,财
3210,0,0,1,蔟
3211,0,0,1,盎
3212,0,0,1,虤
3213,0,0,1,髦
3214,0,0,1,铛
3215,0,0,1,聊
3216,0,0,1,谿
3217,0,0,1,祷
3218,0,0,1,欢
3219,25,8,1,宁
3220,0,0,1,态
3221,46,0,0,戉
3222,0,0,1,蒋
3223,0,0,1,贯
3224,3,0,0,夨
3225,0,0,1,魑
3226,0,0,1,魋
3227,0,1,1,仕
3228,0,0,1,稹
3229,0,0,1,递
3230,0,0,1,萎
3231,0,0,1,貔
3232,0,0,1,挽
3233,0,1,1,务
3234,0,0,1,党
3235,0,3,1,难
3236,0,0,1,澳
3237,0,0,1,恺
3238,0,0,1,阁
3239,0,0,1,喉
3240,0,0,1,勘
3241,32,26,1,丙
3242,0,0,1,货
3243,0,0,1,簏
3244,0,1,1,赎
3245,0,0,1,哮
3246,0,0,1,髢
3247,4,0,1,膏
3248,0,0,1,浔
3249,0,1,1,论
3250,28,11,1,旨
3251,0,0,1,悰
3252,0,0,1,氅
3253,0,0,1,硁
3254,0,0,1,衙
3255,14,0,0,丮
3256,0,1,1,邡
3257,0,0,1,祯
3258,0,0,1,勉
3259,0,0,1,饪
3260,0,0,1,鲵
3261,0,0,1,琶
3262,0,0,1,颙
3263,0,8,1,郾
3264,0,0,1,蝤
3265,32,0,0,雪
3266,0,0,1,鲗
3267,0,0,1,染
3268,0,0,1,苑
3269,0,3,1,鼒
3270,0,0,1,慊
3271,0,0,1,妗
3272,0,0,1,投
3273,0,3,1,颐
3274,0,0,1,邮
3275,0,0,1,芬
3276,0,0,1,癃
3277,2,0,0,贙
3278,4,0,0,攺
3279,13,0,0,汏
3280,0,0,1,械
3281,0,0,1,践
3282,0,0,1,晞
3283,1,0,0,粯
3284,13,1,1,冬
3285,11,17,1,八
3286,0,27,1,择
3287,7,0,1,荡
3288,26,2,1,袭
3289,0,0,1,禧
3290,1,0,1,杉
3291,0,0,1,豁
3292,0,0,1,灿
3293,0,0,1,懑
3294,0,1,1,松
3295,201,18,1,出
3296,0,0,1,积
3297,2,273,1,宝
3298,0,0,1,鍪
3299,0,0,1,殂
3300,0,1,1,忽
3301,0,0,1,悒
3302,0,1,1,织
3303,0,0,1,蜻
3304,0,0,1,瘵
3305,0,0,1,茑
3306,0,0,1,彰
3307,0,0,1,扺
3308,0,1,1,应
3309,0,0,1,玚
3310,14,0,1,血
3311,0,0,1,弈
3312,0,1,1,惑
3313,0,0,1,蓦
3314,1,0,0,寍
3315,0,0,1,侩
3316,0,0,1,迪
3317,0,0,1,矍
3318,10,21,1,三
3319,0,0,1,纬
3320,18,21,1,二
3321,4,2,1,旋
3322,0,0,1,矰
3323,0,0,1,钞
3324,8,0,1,豹
3325,2,0,0,曣
3326,0,0,1,疵
3327,4,21,0,雍
3328,0,6,1,通
3329,0,3,1,环
3330,0,0,1,粹
3331,0,0,1,仍
3332,0,0,1,靸
3333,0,0,1,撞
3334,0,1,1,骆
3335,201,0,0,叀
3336,0,0,1,楗
3337,0,0,1,屠
3338,9,65,0,为
3339,0,6,1,昶
3340,0,0,1,侠
3341,12,0,0,屖
3342,0,0,1,郇
3343,1,0,1,术
3344,0,0,1,哄
3345,0,0,1,浐
3346,0,0,1,捉
3347,0,0,1,驰
3348,0,0,1,糜
3349,1,0,0,朊
3350,0,0,1,娃
3351,0,0,1,腒
3352,0,0,1,绚
3353,0,0,1,算
3354,0,0,1,煮
3355,0,0,1,憺
3356,1,0,0,霿
3357,0,0,1,猥
3358,0,0,1,坟
3359,0,0,1,楝
3360,0,0,1,莙
3361,0,0,1,蛉
3362,0,0,1,枞
3363,0,0,1,鹝
3364,0,0,1,起
3365,0,0,1,笄
3366,0,0,1,滓
3367,0,0,1,竿
3368,0,0,1,昄
3369,0,0,1,桧
3370,0,0,1,偏
3371,0,0,1,侨
3372,0,0,1,埽
3373,0,0,1,峤
3374,0,0,1,程
3375,0,0,1,赡
3376,0,0,1,邹
3377,0,0,1,输
3378,0,3,1,妻
3379,0,0,1,赌
3380,1,1,1,歌
3381,0,0,1,皋
3382,0,1,1,烝
3383,0,0,1,瑶
3384,0,0,1,卦
3385,0,0,1,囹
3386,0,0,1,俄
3387,0,0,1,暇
3388,0,0,1,峻
3389,0,0,1,蚣
3390,0,0,1,舫
3391,0,0,1,涐
3392,50,12,1,画
3393,0,0,1,纨
3394,0,0,1,猗
3395,0,0,1,憭
3396,12,0,1,斗
3397,0,0,1,炫
3398,0,0,1,镶
3399,0,0,1,褕
3400,1,11,1,格
3401,0,0,1,襜
3402,0,41,1,右
3403,0,0,1,焯
3404,0,0,1,苫
3405,0,0,1,珠
3406,0,3,1,勇
3407,5,0,1,橐
3408,0,1,1,轸
3409,0,0,1,瘿
3410,0,0,1,崛
3411,0,0,1,脘
3412,0,6,1,盛
3413,1,0,1,包
3414,0,0,1,阋
3415,240,54,1,不
3416,0,0,1,摘
3417,0,0,1,翮
3418,0,0,1,缐
3419,1,20,1,终
3420,0,1,1,鲍
3421,0,0,1,磏
3422,0,0,1,嗞
3423,0,99,1,敢
3424,0,2,1,宠
3425,6,48,1,十
3426,0,1,1,怀
3427,0,1,1,宥
3428,0,0,1,偃
3429,0,1,1,浮
3430,0,0,1,嫁
3431,0,0,1,隅
3432,0,0,1,吐
3433,0,0,1,遭
3434,0,0,1,玩
3435,6,0,0,斁
3436,0,0,1,哑
3437,0,0,1,黥
3438,0,0,1,乔
3439,0,0,1,眭
3440,0,0,1,祋
3441,0,0,1,桓
3442,0,0,1,详
3443,0,10,1,华
3444,0,0,1,鄣
3445,1,1,1,增
3446,0,1,1,潘
3447,0,0,1,篆
3448,1,0,1,滋
3449,0,0,1,珦
3450,0,1,1,杠
3451,0,0,1,仝
3452,0,0,1,旰
3453,0,3,1,驷
3454,0,0,1,准
3455,1,0,1,蜩
3456,0,2,1,淠
3457,0,0,1,莿
3458,0,0,1,莆
3459,0,0,1,霅
3460,0,0,1,郏
3461,0,0,1,憕
3462,0,0,1,篙
3463,1,1,1,礼
3464,0,0,1,廛
3465,0,0,1,祼
3466,0,0,1,聚
3467,0,0,1,亶
3468,0,0,1,邰
3469,0,0,1,哨
3470,1,7,0,智
3471,0,0,1,迩
3472,2,29,1,龢
3473,0,0,1,侥
3474,0,0,1,呀
3475,57,0,1,湄
3476,0,3,1,邾
3477,0,0,1,擐
3478,0,0,1,鲯
3479,0,2,1,跻
3480,0,0,1,蟫
3481,0,0,1,袗
3482,1,0,0,麐
3483,0,0,1,桎
3484,0,1,1,深
3485,1,132,1,扬
3486,0,1,1,肖
3487,0,0,1,衄
3488,0,2,0,忤
3489,0,1,1,性
3490,0,0,1,邨
3491,3,0,0,姀
3492,0,0,1,徛
3493,2,2,1,曲
3494,1,0,1,濞
3495,3,1,1,绍
3496,2,3,1,败
3497,0,0,1,侈
3498,0,0,1,噬
3499,0,0,1,岛
3500,0,5,1,越
3501,0,0,1,晤
3502,0,6,1,搏
3503,0,0,1,颛
3504,0,1,1,料
3505,169,57,1,自
3506,0,0,1,缇
3507,0,0,1,榖
3508,0,0,1,酿
3509,0,10,1,啻
3510,0,1,1,勋
3511,0,0,1,窣
3512,0,0,1,郃
3513,0,0,1,鹏
3514,0,3,0,串
3515,0,3,1,悆
3516,0,0,1,劭
3517,3,12,1,毕
3518,0,0,1,觳
3519,0,5,1,战
3520,17,0,0,冄
3521,0,0,1,屐
3522,15,22,1,光
3523,0,0,1,漻
3524,0,0,1,幖
3525,6,0,0,洹
3526,0,0,1,榍
3527,0,0,1,潼
3528,0,0,1,零
3529,1,0,0,娵
3530,0,0,1,嵘
3531,0,0,1,郊
3532,0,7,1,宪
3533,0,0,1,醒
3534,0,0,1,矮
3535,0,0,1,郿
3536,0,0,1,鼫
3537,0,0,1,览
3538,0,0,1,蹭
3539,0,0,1,钿
3540,0,0,1,鲕
3541,0,0,1,砺
3542,0,0,1,稙
3543,0,0,1,埃
3544,0,0,1,陇
3545,3,0,1,冥
3546,6,0,0,效
3547,0,0,1,迭
3548,0,0,1,矧
3549,0,0,1,町
3550,0,0,1,琨
3551,0,0,1,郡
3552,5,1,1,区
3553,0,0,1,琳
3554,0,0,1,璇
3555,0,2,1,忠
3556,0,0,1,烦
3557,0,0,1,眵
3558,0,0,1,擢
3559,2,0,0,夊
3560,0,0,1,骘
3561,0,0,1,荠
3562,1,14,1,宄
3563,16,0,1,舌
3564,3,0,0,騽
3565,0,0,1,窬
3566,0,1,1,诸
3567,0,0,1,煽
3568,0,1,1,劓
3569,0,0,1,肫
3570,0,0,1,觿
3571,0,0,1,恶
3572,0,0,1,完
3573,0,0,1,揽
3574,0,0,1,栟
3575,0,0,1,怩
3576,0,0,1,汕
3577,0,0,1,件
3578,17,8,1,陟
3579,0,0,1,顽
3580,28,1,1,食
3581,0,0,1,皕
3582,1,1,1,强
3583,0,0,1,艽
3584,0,0,1,楼
3585,0,0,1,级
3586,0,0,1,消
3587,0,0,1,哓
3588,48,15,1,肄
3589,0,0,1,肴
3590,1,4,1,凫
3591,0,0,1,稼
3592,3,0,0,豩
3593,1,0,1,乂
3594,0,0,1,暗
3595,0,0,1,肥
3596,0,0,1,啁
3597,0,0,1,箫
3598,11,4,1,膻
3599,6,0,1,介
3600,0,0,1,背
3601,0,2,0,亿
3602,0,20,1,厘
3603,0,0,1,摈
3604,0,0,1,黩
3605,41,55,1,周
3606,0,0,1,扣
3607,0,0,1,歙
3608,59,3,1,春
3609,0,0,1,瘥
3610,5,0,1,弘
3611,2,7,1,叔
3612,0,1,1,知
3613,0,0,1,簝
3614,73,91,1,易
3615,0,1,1,朽
3616,0,3,1,加
3617,206,7,1,帚
3618,0,0,1,恨
3619,0,0,1,莺
3620,0,8,1,塍
3621,0,0,1,荛
3622,0,0,1,锭
3623,0,0,1,椋
3624,0,0,1,榜
3625,0,0,1,嶷
3626,17,65,1,辛
3627,0,0,1,缺
3628,0,0,1,尼
3629,1,0,1,霜
3630,0,0,1,遮
3631,0,0,1,璪
3632,0,0,1,缊
3633,0,1,1,息
3634,0,1,1,蒐
3635,35,0,0,妌
3636,0,0,1,骜
3637,5,42,1,邦
3638,19,0,1,嫔
3639,0,0,1,液
3640,0,0,1,芸
3641,10,0,1,鸡
3642,0,0,1,梵
3643,0,0,1,穟
3644,0,2,1,阿
3645,0,9,1,还
3646,0,2,1,汉
3647,2,0,1,骑
3648,0,4,1,桐
3649,0,0,1,脟
3650,0,4,1,邿
3651,0,3,1,墙
3652,0,0,1,隰
3653,1,0,0,杗
3654,0,0,1,炭
3655,0,0,1,防
3656,0,0,1,种
3657,0,0,1,妨
3658,0,0,1,淙
3659,0,0,1,庖
3660,0,0,1,峄
3661,1,0,0,鬽
3662,0,0,1,优
3663,0,0,1,瘦
3664,0,0,1,锒
3665,0,0,1,僦
3666,1,0,1,毙
3667,3,0,1,龋
3668,81,0,0,豋
3669,0,0,1,忾
3670,0,0,1,堤
3671,0,0,1,戡
3672,0,1,1,功
3673,30,35,1,九
3674,0,0,1,谦
3675,0,0,1,缭
3676,0,1,1,饭
3677,0,0,1,遒
3678,0,1,1,珈
3679,0,0,1,泯
3680,0,0,1,茭
3681,0,0,1,绣
3682,0,2,1,留
3683,0,0,1,冶
3684,0,0,1,壑
3685,0,2,1,嚣
3686,0,0,1,闿
3687,0,0,1,锁
3688,0,0,1,艾
3689,0,5,1,亲
3690,0,0,1,钉
3691,0,0,1,霞
3692,0,0,1,惊
3693,0,0,1,蜓
3694,0,0,1,脉
3695,1,0,1,酎
3696,0,0,1,菌
3697,0,0,1,撮
3698,1,6,1,夸
3699,0,0,1,棠
3700,0,0,1,觋
3701,18,0,0,晛
3702,0,0,1,怃
3703,0,0,1,瀛
3704,0,0,1,殇
3705,0,0,1,鼷
3706,0,0,1,彀
3707,2,0,1,戋
3708,0,0,1,宬
3709,226,124,1,子
3710,16,72,1,亥
3711,2,0,1,腹
3712,0,0,1,潴
3713,0,0,1,哿
3714,0,7,1,稣
3715,0,0,1,嘘
3716,0,0,1,噱
3717,0,3,1,牲
3718,0,0,1,卉
3719,0,2,1,沽
3720,0,0,1,猃
3721,0,0,1,黟
3722,0,1,1,迂
3723,0,0,1,彖
3724,0,0,1,珩
3725,0,0,1,酬
3726,0,0,1,璱
3727,0,0,1,罹
3728,0,0,1,疡
3729,0,2,1,赵
3730,0,0,1,椟
3731,0,0,1,忡
3732,1,0,1,吝
3733,0,0,1,絜
3734,0,0,1,胙
3735,17,0,1,肤
3736,0,0,1,讴
3737,0,0,1,铄
3738,0,0,1,压
3739,0,0,1,棼
3740,0,0,1,瑄
3741,0,0,1,梧
3742,0,0,1,褓
3743,0,2,1,穑
3744,2,0,1,祊
3745,0,0,1,遴
3746,2,4,1,夹
3747,0,0,1,叽
3748,0,0,1,鬷
3749,1,5,1,宕
3750,0,4,1,维
3751,0,11,1,道
3752,0,0,1,诏
3753,0,4,1,媾
3754,0,0,1,崒
3755,0,0,1,魅
3756,0,0,1,伶
3757,0,0,1,虒
3758,0,0,1,储
3759,0,0,1,瞑
3760,0,0,1,洙
3761,16,33,1,四
3762,0,0,1,诂
3763,0,0,1,条
3764,0,0,1,艎
3765,0,0,1,映
3766,0,0,1,闯
3767,12,10,1,农
3768,0,0,1,枸
3769,5,1,1,星
3770,0,0,1,彟
3771,0,0,1,法
3772,0,0,1,苕
3773,1,21,1,朱
3774,0,0,1,圪
3775,3,31,1,赤
3776,0,0,1,儋
3777,0,1,1,恃
3778,7,0,0,纟
3779,6,0,0,勽
3780,0,15,1,舍
3781,0,0,1,贶
3782,0,0,1,侍
3783,0,0,1,殊
3784,0,0,1,僖
3785,0,0,1,浆
3786,34,70,1,中
3787,0,0,1,谍
3788,3,1,1,殳
3789,0,2,1,铭
3790,0,0,1,拿
3791,0,41,1,显
3792,4,30,1,攸
3793,0,22,1,匹
3794,0,0,1,佺
3795,0,0,1,陋
3796,0,1,1,韩
3797,0,0,1,褊
3798,0,1,1,诛
3799,0,0,1,昽
3800,0,4,1,愉
3801,0,0,1,萝
3802,0,0,1,汾
3803,0,0,1,润
3804,133,0,1,争
3805,0,0,1,哗
3806,91,38,1,乙
3807,291,31,1,方
3808,0,0,1,瞒
3809,0,0,1,娣
3810,0,0,1,柷
3811,0,0,1,阇
3812,1,0,0,泊
3813,1,0,0,莤
3814,0,0,1,尿
3815,0,0,1,斟
3816,18,10,1,下
3817,8,0,1,幕
3818,2,0,0,雈
3819,0,0,1,隐
3820,0,3,1,佥
3821,0,0,1,浚
3822,12,4,1,媚
3823,0,1,1,半
3824,0,0,1,籥
3825,1,1,1,位
3826,0,1,1,浊
3827,0,0,1,漕
3828,1,0,0,咰
3829,0,0,1,榭
3830,0,0,1,畸
3831,1,0,1,锾
3832,0,0,1,潞
3833,0,0,1,倾
3834,0,0,1,颈
3835,0,0,1,腓
3836,0,0,1,链
3837,0,0,1,抒
3838,0,0,1,倬
3839,3,0,1,嬖
3840,0,0,1,怡
3841,83,17,1,省
3842,2,5,1,谷
3843,0,0,1,牍
3844,0,1,1,蓼
3845,0,0,1,潏
3846,0,0,1,呦
3847,0,0,1,淀
3848,0,0,1,瞽
3849,0,0,1,诿
3850,0,0,1,倭
3851,0,0,1,质
3852,0,0,1,露
3853,1,0,1,祉
3854,0,0,1,甯
3855,0,0,1,蒉
3856,0,0,1,矶
3857,0,5,1,熏
3858,0,3,1,乏
3859,0,0,1,芥
3860,3,0,1,陷
3861,0,0,1,蔫
3862,93,6,1,豕
3863,1,0,0,铧
3864,0,0,1,鼾
3865,0,0,1,鄱
3866,0,0,1,瞟
3867,0,0,1,券
3868,0,0,1,稍
3869,0,0,1,渎
3870,0,0,1,喔
3871,0,0,1,颠
3872,0,0,1,麝
3873,0,2,1,青
3874,0,0,1,趯
3875,0,0,1,曈
3876,0,0,1,骧
3877,5,24,1,遣
3878,0,0,1,腌
3879,160,26,1,伐
3880,0,0,1,援
3881,0,7,1,滕
3882,0,0,1,桥
3883,13,5,1,敏
3884,0,0,1,鲠
3885,1,0,0,狅
3886,0,0,1,槱
3887,0,0,1,遐
3888,7,3,1,妾
3889,0,0,1,操
3890,0,0,1,确
3891,0,0,1,髻
3892,0,0,1,跪
3893,1,0,1,淡
3894,0,0,1,鬃
3895,0,0,1,缞
3896,0,0,1,螫
3897,0,42,1,霸
3898,0,0,1,啮
3899,0,4,1,璧
3900,0,0,1,携
3901,0,0,1,式
3902,0,0,1,魄
3903,2,7,1,杞
3904,2,114,1,初
3905,0,1,1,鹚
3906,0,0,1,隩
3907,0,0,1,冻
3908,0,1,1,恐
3909,0,0,1,镛
3910,0,0,1,证
3911,0,0,1,怫
3912,0,0,1,豮
3913,1,0,0,鶾
3914,0,2,1,帱
3915,0,0,1,熠
3916,0,0,1,疏
3917,0,0,1,胡
3918,0,0,1,俙
3919,0,0,1,击
3920,0,0,1,掉
3921,0,2,0,敦
3922,0,6,1,铎
3923,0,2,1,膳
3924,3,3,1,名
3925,0,0,1,坦
3926,0,3,1,锡
3927,0,0,1,攽
3928,0,0,1,胆
3929,0,0,1,祕
3930,0,2,1,当
3931,0,0,1,喂
3932,3,8,1,男
3933,0,0,1,廑
3934,0,3,1,纯
3935,0,0,1,感
3936,0,0,1,壤
3937,0,0,1,淹
3938,3,7,1,宋
3939,0,0,1,双
3940,0,0,1,莲
3941,1,7,1,凡
3942,0,0,1,怜
3943,0,0,1,嬬
3944,0,0,1,恫
3945,0,0,1,萹
3946,0,0,1,爟
3947,0,0,1,炽
3948,0,0,1,鸯
3949,21,91,1,文
3950,0,9,1,誓
3951,0,0,1,荼
3952,0,0,1,箧
3953,0,0,1,虾
3954,0,3,1,讼
3955,2,0,0,挚
3956,0,0,1,惨
3957,0,3,1,坒
3958,1,0,1,扉
3959,1,0,1,叵
3960,0,1,1,坡
3961,0,0,1,薪
3962,0,0,1,䓨
3963,2,0,1,香
3964,0,0,1,忱
3965,0,0,1,缝
3966,0,1,1,彼
3967,4,18,1,圣
3968,0,0,1,匪
3969,1,10,1,反
3970,0,0,1,戆
3971,0,0,1,赊
3972,0,0,1,瑁
3973,0,0,1,涘
3974,0,0,1,供
3975,0,0,1,辌
3976,7,3,1,亳
3977,0,0,1,支
3978,0,0,1,嗾
3979,0,0,1,灼
3980,0,0,1,飙
3981,0,0,1,栀
3982,32,0,1,危
3983,0,0,1,界
3984,0,0,1,隙
3985,0,4,1,睽
3986,0,0,1,庇
3987,0,0,1,糍
3988,0,0,1,酣
3989,0,2,1,奸
3990,2,2,1,兀
3991,0,0,1,泽
3992,1,0,0,扜
3993,0,0,1,莼
3994,0,0,1,辫
3995,9,30,1,午
3996,0,0,1,扃
3997,0,0,1,肪
3998,0,0,1,滇
3999,29,0,0,烄
4000,0,0,1,袄
4001,0,0,1,酋
4002,43,0,0,拲
4003,0,0,1,焘
4004,0,0,1,訾
4005,0,0,1,镣
4006,0,0,1,类
4007,11,1,1,狐
4008,0,0,1,怨
4009,0,0,1,庐
4010,5,0,0,彶
4011,0,0,1,蝼
4012,0,0,1,泠
4013,11,0,0,羴
4014,0,0,1,婉
4015,0,0,1,啐
4016,17,26,1,京
4017,0,7,1,佃
4018,0,0,1,镵
4019,0,0,1,醉
4020,0,0,1,蹴
4021,0,1,1,盱
4022,1,0,0,婤
4023,0,0,1,懒
4024,0,0,1,觎
4025,0,0,1,坎
4026,0,0,1,鳒
4027,0,0,1,糊
4028,0,0,1,挤
4029,0,0,1,骠
4030,0,0,1,掖
4031,0,0,1,庠
4032,0,2,1,镐
4033,0,0,1,拨
4034,0,0,1,嫄
4035,0,5,1,弭
4036,1,0,0,旂
4037,0,3,1,博
4038,0,0,1,鼐
4039,3,0,0,癹
4040,0,0,1,馓
4041,0,0,1,催
4042,0,0,1,撇
4043,30,25,1,六
4044,24,70,1,保
4045,0,0,1,信
4046,0,0,1,洇
4047,0,0,1,裁
4048,0,0,1,厨
4049,1,0,0,嫀
4050,5,9,1,聿
4051,0,0,1,卬
4052,0,1,0,阔
4053,0,0,1,夥
4054,0,0,1,邺
4055,0,0,1,碑
4056,2,0,0,濿
4057,0,0,1,闹
4058,113,14,1,勿
4059,8,39,1,乃
4060,0,0,1,藻
4061,3,4,1,吹
4062,0,0,1,坻
4063,0,0,1,肿
4064,0,42,1,德
4065,0,0,1,珊
4066,0,0,1,缪
4067,5,40,1,季
4068,0,0,1,烜
4069,0,0,1,笯
4070,7,6,1,郢
4071,0,0,1,桷
4072,0,0,1,蛤
4073,0,0,1,慧
4074,0,0,1,旭
4075,0,5,1,亩
4076,0,2,1,䌹
4077,1,2,1,郑
4078,0,0,1,臑
4079,0,0,1,汧
4080,0,0,1,怕
4081,0,0,1,琲
4082,1,16,1,民
4083,0,0,1,儦
4084,0,2,1,耿
4085,1,9,1,会
4086,5,0,0,狝
4087,0,0,1,彧
4088,0,0,1,炼
4089,0,1,1,夤
4090,0,0,1,菁
4091,37,15,1,乘
4092,0,0,1,鸠
4093,0,0,1,羑
4094,0,0,1,笨
4095,2,0,1,蝠
4096,0,0,1,蛑
4097,0,0,1,顿
4098,0,2,1,讳
4099,0,0,1,酂
4100,177,6,1,从
4101,0,1,1,距
4102,0,0,1,淫
4103,0,3,1,欧
4104,0,0,1,胥
4105,1,0,0,龓
4106,0,0,1,錾
4107,0,26,1,善
4108,0,0,1,趑
4109,84,65,1,马
4110,0,0,1,疱
4111,0,0,1,鲽
4112,1,0,1,霖
4113,0,0,1,仄
4114,70,100,1,父
4115,0,0,1,湍
4116,0,0,1,檀
4117,0,0,1,腾
4118,6,0,1,抑
4119,0,0,1,澥
4120,0,0,1,缩
4121,0,0,1,层
4122,0,0,1,怪
4123,17,3,1,气
4124,0,0,1,炮
4125,0,0,1,褴
4126,0,0,1,晒
4127,0,7,1,铃
4128,1,0,0,埜
4129,0,0,1,毹
4130,0,0,1,什
4131,0,0,1,庑
4132,4,30,1,癸
4133,2,8,1,晨
4134,0,0,1,简
4135,0,1,1,体
4136,0,0,1,诠
4137,0,0,1,鹙
4138,1,0,0,岩
4139,0,0,1,糗
4140,0,41,1,康
4141,0,0,1,枹
4142,6,5,1,相
4143,0,0,1,猩
4144,0,0,1,殁
4145,69,0,1,牝
4146,5,9,1,寇
4147,0,45,1,孝
4148,0,0,1,煴
4149,0,6,1,貉
4150,0,0,1,涟
4151,0,0,1,旖
4152,0,0,1,罾
4153,0,0,1,霆
4154,0,0,1,迁
4155,84,0,0,劦
4156,0,0,1,总
4157,0,1,1,垣
4158,0,0,1,颁
4159,0,2,1,扶
4160,0,0,1,锻
4161,3,0,1,熹
4162,0,0,1,殚
4163,2,3,1,合
4164,0,0,1,霏
4165,0,0,1,渫
4166,0,0,1,蜉
4167,0,0,1,蓐
4168,0,0,1,枇
4169,8,0,0,霝
4170,0,0,1,泫
4171,0,1,1,营
4172,0,1,1,渴
4173,13,4,1,水
4174,0,0,1,溲
4175,75,10,1,兽
4176,0,0,1,缑
4177,0,0,1,殄
4178,0,1,1,筮
4179,1,0,1,尧
4180,0,0,1,谅
4181,0,0,1,倌
4182,43,6,1,祝
4183,0,0,1,阎
4184,0,0,1,醯
4185,11,2,1,退
4186,0,0,1,嫪
4187,0,0,1,嶙
4188,1,1,1,舂
4189,0,0,1,芗
4190,1,135,1,考
4191,0,0,1,羖
4192,10,2,1,教
4193,0,0,1,蒻
4194,0,0,1,试
4195,0,0,1,秀
4196,0,0,1,迥
4197,0,0,1,哺
4198,0,0,1,佣
4199,0,0,1,憬
4200,1,0,0,汒
4201,2,0,1,婪
4202,0,5,1,到
4203,2,0,0,乇
4204,0,0,1,排
4205,0,0,1,窦
4206,0,0,1,樵
4207,0,1,1,昆
4208,0,0,1,呙
4209,0,0,1,咆
4210,0,0,1,趋
4211,15,2,1,衍
4212,21,2,1,沈
4213,0,0,1,训
4214,0,5,0,荆
4215,0,0,1,韶
4216,0,0,1,踊
4217,0,0,1,嵇
4218,0,2,1,要
4219,0,0,1,逊
4220,0,0,1,橘
4221,8,12,1,戍
4222,0,0,1,袢
4223,2,0,1,晶
4224,1,0,1,风
4225,0,0,1,蠹
4226,0,0,1,闪
4227,0,0,1,札
4228,0,0,1,讧
4229,0,7,1,牙
4230,0,0,1,涞
4231,0,0,1,敫
4232,0,0,1,誊
4233,0,0,1,炙
4234,30,58,1,戊
4235,59,2,1,彘
4236,0,0,1,枭
4237,0,0,1,薯
4238,0,0,1,橛
4239,0,0,1,峋
4240,0,0,1,晷
4241,1,2,0,黾
4242,0,0,1,淼
4243,0,0,1,玙
4244,0,0,1,僧
4245,0,0,1,荟
4246,0,0,1,妁
4247,0,0,1,霰
4248,0,0,1,惶
4249,0,0,1,澜
4250,0,0,1,煨
4251,0,0,1,衷
4252,0,5,1,军
4253,0,0,1,奡
4254,0,0,1,陛
4255,1,13,1,更
4256,0,0,1,踦
4257,0,0,1,秧
4258,0,0,1,衽
4259,0,0,1,瓦
4260,0,1,1,熙
4261,4,0,0,陮
4262,0,0,1,碏
4263,0,0,1,帑
4264,2,0,0,霋
4265,0,0,1,耦
4266,1,13,1,呼
4267,0,0,1,哽
4268,0,0,1,婠
4269,2,0,1,邋
4270,13,0,1,杏
4271,0,0,1,迷
4272,0,0,1,辄
4273,0,0,1,阐
4274,0,0,1,欤
4275,0,2,1,幻
4276,1,6,1,在
4277,0,5,1,救
4278,0,0,1,鹞
4279,0,0,1,尥
4280,0,0,1,岊
4281,0,5,1,嗣
4282,0,0,1,碣
4283,0,0,1,菀
4284,0,0,1,扁
4285,0,0,1,涫
4286,0,0,1,刿
4287,2,2,0,弃
4288,9,11,1,删
4289,1,0,0,剐
4290,0,0,1,钺
4291,0,0,1,棱
4292,0,0,1,瘅
4293,0,1,1,睿
4294,0,0,1,詹
4295,46,23,1,召
4296,0,0,1,导
4297,0,0,1,徂
4298,0,0,1,瓢
4299,0,0,1,祚
4300,0,0,1,爆
4301,0,0,1,牖
4302,0,0,1,逯
4303,0,2,1,屈
4304,6,3,1,夷
4305,0,0,1,诡
4306,0,1,1,郓
4307,0,0,1,讷
4308,8,14,1,雩
4309,0,0,1,旱
4310,0,32,1,廷
4311,0,0,1,巍
4312,0,0,1,纵
4313,0,0,1,被
4314,0,0,1,榇
4315,0,0,1,屿
4316,3,0,1,粪
4317,0,0,1,祧
4318,0,12,1,驹
4319,0,0,1,箬
4320,0,2,1,然
4321,0,0,1,钗
4322,37,10,1,祭
4323,0,0,1,馆
4324,0,0,1,颓
4325,0,0,1,洽
4326,0,0,1,咽
4327,0,0,1,蝘
4328,0,0,1,荞
4329,0,4,1,骉
4330,0,0,1,鳖
4331,0,0,1,窜
4332,0,0,1,荦
4333,0,0,1,虏
4334,44,1,1,齿
4335,0,84,1,皇
4336,0,0,1,宽
4337,34,78,1,女
4338,0,0,1,砀
4339,0,0,1,稂
4340,0,0,1,妓
4341,0,0,1,骁
4342,0,0,1,旻
4343,2,2,1,鲧
4344,0,0,1,谊
4345,0,0,1,坥
4346,0,0,1,侣
4347,0,0,1,耽
4348,0,0,1,芄
4349,0,0,1,琫
4350,0,2,1,减
4351,0,0,1,潜
4352,0,0,1,罩
4353,0,0,1,短
4354,0,0,1,茵
4355,0,0,1,驻
4356,0,0,1,孩
4357,1,5,1,燮
4358,0,0,1,洺
4359,1,0,1,亭
4360,0,8,1,祗
4361,0,1,1,矣
4362,0,0,1,腯
4363,49,0,1,兕
4364,0,0,1,划
4365,0,0,1,涑
4366,0,0,1,疣
4367,0,0,1,霎
4368,0,3,1,县
4369,1,0,0,玨
4370,1,47,1,唯
4371,0,0,1,妭
4372,6,7,1,而
4373,15,0,0,鑪
4374,0,0,1,谮
4375,0,0,1,矿
4376,0,0,1,襁
4377,0,0,1,状
4378,0,0,1,挨
4379,0,0,1,衒
4380,1,0,1,僚
4381,0,1,1,锊
4382,0,0,1,弥
4383,0,0,1,韬
4384,0,0,1,倡
4385,0,1,1,延
4386,2,0,0,夆
4387,73,2,1,羽
4388,0,1,1,茅
4389,0,4,1,刑
4390,0,0,1,缡
4391,42,0,1,刍
4392,21,17,1,客
4393,9,1,1,尽
4394,0,0,1,挫
4395,0,0,1,幡
4396,0,0,1,茀
4397,0,3,1,鄂
4398,0,0,1,塔
4399,0,0,1,尉
4400,21,0,1,悖
4401,5,0,1,树
4402,0,0,1,缎
4403,2,0,1,骊
4404,0,0,1,鼢
4405,0,2,1,仔
4406,1,0,0,皀
4407,0,0,1,羟
4408,0,0,1,韧
4409,0,0,1,销
4410,0,0,1,全
4411,0,0,1,浍
4412,0,0,1,瘕
4413,0,0,1,籍
4414,12,4,1,析
4415,0,0,1,苾
4416,0,4,1,赏
4417,0,0,1,辎
4418,0,0,1,霉
4419,0,0,1,谟
4420,0,0,1,髽
4421,0,3,1,重
4422,0,0,1,颗
4423,0,0,1,悝
4424,0,2,1,迮
4425,0,0,1,贡
4426,0,0,1,滥
4427,0,0,1,迎
4428,0,0,1,则
4429,0,0,1,窘
4430,0,0,1,蛇
4431,0,0,1,苌
4432,0,0,1,蒸
4433,0,0,1,价
4434,0,0,1,瑗
4435,0,0,1,庾
4436,0,1,1,谋
4437,0,5,1,节
4438,0,0,1,扪
4439,0,9,1,敔
4440,0,0,1,谝
4441,0,0,1,汩
4442,0,0,1,扼
4443,0,0,1,鲏
4444,0,0,1,窈
4445,0,0,1,蛭
4446,0,0,1,锱
4447,36,156,1,永
4448,0,0,1,烟
4449,0,0,1,蠢
4450,0,0,1,愐
4451,48,22,1,降
4452,0,0,1,梭
4453,0,0,1,翳
4454,0,0,1,低
4455,16,0,0,寑
4456,0,0,1,钊
4457,0,0,1,砧
4458,7,0,0,羁
4459,0,0,1,坊
4460,0,0,1,胧
4461,0,0,1,访
4462,0,0,1,饶
4463,0,0,1,牂
4464,0,23,1,荣
4465,0,0,1,把
4466,0,0,1,㧑
4467,0,0,1,澶
4468,0,0,1,勍
4469,0,0,1,鸮
4470,0,0,1,雅
4471,0,0,1,揆
4472,0,0,1,撷
4473,1,0,0,蒚
4474,0,0,1,煌
4475,0,0,1,馨
4476,0,0,1,刺
4477,1,2,1,祠
4478,1,0,1,刃
4479,0,0,1,楷
4480,0,0,1,缌
4481,0,0,1,瞵
4482,1,0,0,帀
4483,0,0,1,矜
4484,0,0,1,呱
4485,1,0,0,姈
4486,0,0,1,纽
4487,90,39,1,它
4488,0,0,1,簪
4489,0,0,1,蒌
4490,0,0,1,珉
4491,1,0,1,贪
4492,0,0,1,鹳
4493,0,0,1,氾
4494,0,0,1,镝
4495,0,2,1,遄
4496,2,2,1,队
4497,5,3,1,目
4498,0,0,1,傥
4499,0,0,1,遍
4500,0,0,1,炅
4501,4,0,0,叟
4502,0,0,1,躯
4503,0,0,1,痴
4504,0,0,1,黇
4505,0,0,1,蘘
4506,38,0,0,匚
4507,0,11,1,颂
4508,198,0,1,于
4509,97,7,1,牛
4510,1,1,1,问
4511,10,41,1,友
4512,3,0,1,畋
4513,6,3,0,川
4514,1,0,0,沁
4515,0,0,1,代
4516,0,0,1,姤
4517,0,0,1,窗
4518,0,0,1,竣
4519,0,0,1,拮
4520,0,0,1,羯
4521,0,0,1,健
4522,0,0,1,麒
4523,0,0,1,骚
4524,4,3,0,兑
4525,0,0,1,羸
4526,0,0,1,掾
4527,0,0,1,茂
4528,0,0,1,穜
4529,0,7,1,禽
4530,0,0,1,湑
4531,0,1,1,社
4532,0,0,1,畤
4533,0,0,1,甑
4534,0,14,1,陈
4535,1,17,1,裘
4536,0,0,1,授
4537,0,0,1,鞴
4538,2,1,1,竹
4539,0,0,1,芹
4540,0,0,1,慰
4541,0,0,1,谄
4542,0,38,1,丐
4543,0,0,1,涸
4544,11,6,1,妹
4545,0,0,1,盈
4546,0,0,1,镫
4547,12,17,0,妥
4548,0,0,1,拔
4549,0,0,1,鲐
4550,0,0,1,蒹
4551,0,0,1,筋
4552,2,0,0,倗
4553,0,2,1,堵
4554,0,0,1,摧
4555,0,0,1,垕
4556,0,0,1,楣
4557,1,0,0,嬉
4558,270,80,1,王
4559,0,1,1,早
4560,0,0,1,芪
4561,0,0,1,恿
4562,0,0,1,怼
4563,0,0,1,琎
4564,174,42,1,福
4565,0,0,1,杰
4566,0,0,1,超
4567,0,0,1,瑬
4568,84,71,1,正
4569,60,29,0,宫
4570,21,0,0,雷
4571,9,52,1,天
4572,0,0,1,僇
4573,1,0,0,媕
4574,1,0,0,獘
4575,0,19,1,槃
4576,0,4,1,原
4577,15,0,1,享
4578,0,0,1,梴
4579,0,88,1,无
4580,0,0,1,珇
4581,0,0,1,浥
4582,0,0,1,记
4583,0,0,1,缣
4584,0,0,1,埤
4585,2,0,1,席
4586,0,9,1,姑
4587,0,0,1,沛
4588,2,0,1,欠
4589,0,0,1,贷
4590,0,0,1,姣
4591,0,0,1,螳
4592,1,0,0,徲
4593,0,1,1,诞
4594,0,0,1,奓
4595,0,0,1,芑
4596,0,0,1,躬
4597,17,0,1,蛊
4598,0,0,1,了
4599,3,4,1,甘
4600,19,0,1,火
4601,0,0,1,阙
4602,0,0,1,柢
4603,3,3,1,戒
4604,0,0,1,波
4605,0,0,1,胠
4606,0,0,1,笾
4607,0,0,1,戴
4608,0,13,1,虔
4609,1,6,1,承
4610,0,0,1,饵
4611,0,2,1,径
4612,1,0,1,盗
4613,0,0,1,佚
4614,0,0,1,怆
4615,0,0,1,蝮
4616,0,0,1,鲡
4617,0,0,1,理
4618,0,0,1,窨
4619,2,0,1,濩
4620,0,0,1,狠
4621,0,0,1,拟
4622,23,0,1,泳
4623,0,0,1,彬
4624,0,0,1,耕
4625,0,0,1,邶
4626,0,0,1,闺
4627,0,8,1,婚
4628,140,3,1,贞
4629,0,0,1,废
4630,0,0,1,缮
4631,0,10,1,守
4632,0,0,1,舒
4633,0,7,0,较
4634,0,0,1,个
4635,0,0,1,钝
4636,0,0,1,挈
4637,0,0,1,糇
4638,0,0,1,怛
4639,0,0,1,蜡
4640,0,0,1,翘
4641,0,2,1,敕
4642,0,0,1,颡
4643,6,2,1,采
4644,13,25,1,夫
4645,1,1,1,逢
4646,0,0,1,痫
4647,2,0,0,貣
4648,0,0,1,羲
4649,0,0,1,缔
4650,1,13,1,卑
4651,1,0,0,秬
4652,0,0,1,蚬
4653,0,0,1,捻
4654,0,0,1,灏
4655,0,1,1,迈
4656,15,6,1,宿
4657,0,3,1,逸
4658,0,0,1,荏
4659,0,0,1,溟
4660,0,0,1,挡
4661,4,0,1,湿
4662,1,0,1,涛
4663,0,0,1,嵩
4664,0,0,1,洁
4665,0,3,1,瓶
4666,0,0,1,鹜
4667,0,0,1,稚
4668,0,0,1,洌
4669,0,0,1,钓
4670,0,0,1,蹑
4671,0,0,1,曙
4672,0,0,1,讻
4673,103,42,1,宗
4674,0,0,1,冠
4675,0,0,1,琰
4676,0,0,1,荪
4677,0,5,1,哀
4678,1,0,0,湏
4679,0,0,1,焆
4680,0,1,1,逃
4681,1,0,1,苴
4682,0,1,1,缄
4683,0,0,1,漆
4684,0,9,1,恤
4685,0,0,1,纡
4686,0,0,1,鲢
4687,0,0,1,赭
4688,0,0,1,颖
4689,0,0,1,谀
4690,0,0,1,狡
4691,0,0,1,展
4692,0,0,1,磕
4693,0,0,1,鄗
4694,5,70,1,壶
4695,0,0,1,沿
4696,0,0,1,铣
4697,0,0,1,狗
4698,0,0,1,杪
4699,0,0,1,爝
4700,0,1,1,鄘
4701,0,0,1,馗
4702,0,0,1,骖
4703,0,0,1,隺
4704,0,0,1,裳
4705,0,0,1,蟹
4706,0,0,1,犨
4707,0,0,1,恽
4708,2,0,1,避
4709,1,3,1,旁
4710,0,0,1,穴
4711,0,0,1,收
4712,0,0,1,谲
4713,0,0,1,槊
4714,0,0,1,塾
4715,0,0,1,讽
4716,0,6,1,戏
4717,0,0,1,馘
4718,1,12,0,晋
4719,0,0,1,踣
4720,16,0,1,婀
4721,1,0,0,孼
4722,10,12,1,竞
4723,0,0,1,疗
4724,0,0,1,鹬
4725,0,4,1,诲
4726,0,0,1,境
4727,0,1,1,船
4728,16,40,0,各
4729,0,0,1,唇
4730,0,0,1,俯
4731,1,0,1,秝
4732,0,0,1,睦
4733,0,0,1,逝
4734,5,0,1,奭
4735,0,0,1,调
4736,0,0,1,埵
4737,0,0,1,葎
4738,1,10,1,醴
4739,0,0,1,垩
4740,1,0,1,微
4741,0,0,1,瓻
4742,11,0,1,庞
4743,0,0,1,恳
4744,0,0,1,缰
4745,0,0,1,帘
4746,2,0,1,舆
4747,1,2,1,使
4748,0,2,1,寒
4749,0,0,1,沧
4750,0,0,1,轩
4751,0,0,1,凑
4752,0,0,1,丈
4753,0,0,1,裾
4754,11,34,1,申
4755,0,1,1,枣
4756,0,0,1,晚
4757,0,0,1,黎
4758,0,0,1,注
4759,0,5,1,弄
4760,0,82,1,金
4761,0,0,1,渰
4762,0,0,1,诩
4763,0,0,1,巢
4764,0,0,1,表
4765,12,8,1,宅
4766,0,0,1,痉
4767,0,0,1,柄
4768,5,0,0,饎
4769,0,1,1,焦
4770,4,16,1,朝
4771,0,0,1,逖
4772,0,0,1,嘌
4773,0,0,1,翡
4774,0,0,1,噂
4775,0,2,1,酢
4776,0,0,1,媞
4777,0,0,1,锬
4778,0,1,1,冰
4779,0,0,1,阗
4780,0,0,1,牦
4781,21,0,0,糠
4782,0,0,1,涩
4783,0,0,1,腊
4784,0,2,1,库
4785,0,0,1,帐
4786,0,0,1,贲
4787,0,0,1,卧
4788,0,0,1,榆
4789,0,0,1,讪
4790,0,4,1,曼
4791,82,81,1,侯
4792,0,0,1,揖
4793,0,0,1,楸
4794,0,0,1,堨
4795,0,0,1,焕
4796,0,0,1,绞
4797,13,7,1,老
4798,0,1,1,傅
4799,0,3,1,忌
4800,0,0,1,掏
4801,0,0,1,偭
4802,0,0,1,萚
4803,2,14,1,散
4804,0,0,1,狙
4805,0,8,1,定
4806,0,0,1,号
4807,0,0,1,砾
4808,7,13,1,弓
4809,0,0,1,䗖
4810,0,2,1,矛
4811,0,0,1,貆
4812,0,0,1,赗
4813,0,0,1,粕
4814,0,0,1,绖
4815,0,0,1,臊
4816,0,0,1,逋
4817,0,0,1,漏
4818,0,0,1,屋
4819,1,0,1,声
4820,0,0,1,禔
4821,0,0,1,透
4822,155,34,1,亡
4823,0,12,1,孔
4824,0,0,1,诱
4825,0,0,1,庼
4826,0,0,1,劲
4827,17,7,1,兴
4828,0,0,1,蛄
4829,0,0,1,蔈
4830,0,17,1,走
4831,0,0,1,滴
4832,0,0,1,鲔
4833,1,8,1,妣
4834,0,2,1,语
4835,0,0,1,急
4836,0,6,1,胄
4837,0,2,1,唬
4838,0,0,1,篼
4839,0,0,1,伞
4840,0,0,1,骼
4841,179,158,1,箕
4842,0,0,1,邽
4843,0,0,1,麸
4844,0,0,1,菔
4845,0,0,1,泱
4846,0,0,1,疭
4847,1,0,1,突
4848,0,0,1,扞
4849,0,0,1,块
4850,0,1,1,斛
4851,0,0,1,办
4852,0,0,1,孪
4853,0,0,1,陧
4854,0,0,1,揭
4855,0,0,1,谂
4856,0,0,1,特
4857,0,0,1,甍
4858,0,0,1,魂
4859,0,0,1,噎
4860,0,0,1,审
4861,0,0,1,捡
4862,0,0,1,褛
4863,0,1,1,桹
4864,0,0,1,伋
4865,0,1,1,回
4866,0,0,1,荓
4867,1,0,0,肵
4868,0,0,1,俶
4869,0,0,1,麂
4870,1,2,1,力
4871,39,12,1,禾
4872,0,0,1,苷
4873,0,0,1,儒
4874,0,0,1,怙
4875,0,0,1,倒
4876,0,1,1,雒
4877,0,10,1,威
4878,0,0,1,锴
4879,0,0,1,縠
4880,0,0,1,萸
4881,0,0,1,罴
4882,0,0,1,褐
4883,0,1,1,凇
4884,2,0,0,嵒
4885,4,71,1,首
4886,1,0,1,椸
4887,0,0,1,憎
4888,0,0,1,稿
4889,1,0,0,杋
4890,0,0,1,弱
4891,0,0,1,鹔
4892,0,0,1,缓
4893,0,0,1,逾
4894,0,0,1,铠
4895,0,0,1,茱
4896,0,0,1,谩
4897,0,0,1,雊
4898,0,0,1,籀
4899,0,0,1,铤
4900,8,0,0,寮
4901,2,0,0,鰕
4902,0,0,1,轴
4903,1,11,1,仆
4904,0,0,1,棁
4905,0,0,1,琬
4906,0,0,1,醍
4907,0,0,1,鸥
4908,2,1,1,鼍
4909,3,8,1,林
4910,0,1,1,整
4911,0,1,1,识
4912,0,0,1,诳
4913,0,0,1,氍
4914,0,0,1,疸
4915,0,0,1,浞
4916,0,0,1,幸
4917,0,0,1,缯
4918,0,0,1,邬
4919,1,1,1,祥
4920,0,0,1,槌
4921,1,0,0,嬂
4922,0,0,1,棽
4923,0,0,1,燊
4924,0,0,1,局
4925,0,0,1,诗
4926,0,0,1,赀
4927,0,0,1,砥
4928,0,0,1,酺
4929,0,0,1,指
4930,0,0,1,榰
4931,3,33,1,义
4932,28,0,1,垂
4933,2,0,0,洱
4934,0,0,1,慆
4935,2,2,0,甾
4936,0,0,1,朵
4937,0,0,1,歉
4938,0,0,1,阂
4939,0,1,1,溉
4940,0,0,1,刷
4941,57,0,1,渥
4942,0,0,1,甜
4943,0,0,1,辑
4944,0,0,1,笑
4945,0,0,1,宧
4946,0,0,1,疟
4947,0,0,1,洭
4948,2,0,1,馈
4949,0,2,1,贰
4950,1,4,1,徙
4951,2,0,1,岳
4952,1,0,0,乞
4953,0,0,1,籁
4954,0,0,1,闼
4955,0,0,1,鸲
4956,0,0,1,僵
4957,0,5,1,禹
4958,0,0,1,钜
4959,3,2,1,宣
4960,0,0,1,切
4961,1,0,0,畴
4962,0,0,1,谈
4963,1,0,0,雥
4964,0,0,1,缳
4965,0,0,1,舻
4966,0,0,1,腨
4967,0,0,1,鹲
4968,0,0,1,嵎
4969,0,0,1,叹
4970,0,0,1,裼
4971,0,0,1,数
4972,36,15,1,执
4973,0,6,1,故
4974,0,7,1,燹
4975,0,0,1,售
4976,0,0,1,鄅
4977,1,0,0,逌
4978,0,0,1,踒
4979,0,0,1,玲
4980,0,0,1,铍
4981,0,0,1,棚
4982,0,0,1,篓
4983,0,0,1,瞀
4984,0,0,1,谒
4985,0,1,1,葱
4986,134,2,1,河
4987,1,0,0,耋
4988,2,0,1,羡
4989,0,0,1,涯
4990,0,0,1,葆
4991,0,0,1,狃
4992,0,20,1,堇
4993,49,10,1,儿
4994,0,0,1,蓍
4995,31,41,1,辰
4996,0,0,1,镘
4997,0,0,1,灰
4998,0,0,1,箸
4999,0,0,1,宸
5000,0,0,1,瘀
5001,0,1,1,趣
5002,0,0,1,验
5003,0,0,1,橹
5004,0,0,1,谤
5005,0,0,1,派
5006,0,0,1,拉
5007,1,0,0,鎷
5008,2,3,1,富
5009,0,0,1,莶
5010,2,0,1,驳
5011,2,16,1,戎
5012,0,0,1,壁
5013,0,0,1,蹢
5014,0,0,1,朓
5015,0,0,1,贩
5016,0,0,1,蓉
5017,0,0,1,窖
5018,46,29,1,五
5019,0,0,1,亍
5020,0,0,1,熜
5021,0,0,1,殡
5022,0,0,1,课
5023,0,0,1,芎
5024,0,1,0,糯
5025,0,0,1,斜
5026,0,0,1,泮
5027,0,0,1,默
5028,0,0,1,噤
5029,1,0,0,虍
5030,0,0,1,浣
5031,0,0,1,肌
5032,8,0,0,鬺
5033,0,0,1,酃
5034,0,0,1,枋
5035,0,0,1,茸
5036,0,0,1,绛
5037,0,0,1,雁
5038,0,0,1,蚩
5039,0,0,1,垍
5040,0,0,1,绕
5041,0,0,1,弩
5042,0,0,1,篁
5043,0,0,1,刽
5044,0,0,1,烁
5045,0,0,1,刈
5046,0,0,1,苞
5047,0,0,1,梳
5048,0,0,1,旆
5049,18,6,1,爵
5050,1,0,1,苋
5051,0,0,1,喤
5052,78,51,1,馀
5053,0,0,1,饩
5054,0,0,1,僎
5055,1,1,1,视
5056,0,0,1,黝
5057,0,0,1,凉
5058,0,0,1,喟
5059,41,61,1,卿
5060,0,2,1,津
5061,0,0,1,觉
5062,0,0,1,护
5063,0,0,1,鸽
5064,3,0,1,刀
5065,0,0,1,桢
5066,0,0,1,吻
5067,1,1,1,彊
5068,0,0,1,莨
5069,0,0,1,珛
5070,0,0,1,锥
5071,0,0,1,窅
5072,0,0,1,虺
5073,0,0,1,罔
5074,0,1,1,敌
5075,2,4,1,耑
5076,0,0,1,聘
5077,0,0,1,除
5078,0,0,1,枕
5079,0,0,1,漠
5080,2,17,1,宜
5081,0,0,1,属
5082,0,1,1,涕
5083,4,3,1,妃
5084,2,0,1,凶
5085,0,0,1,瀌
5086,0,0,1,贳
5087,0,2,1,将
5088,0,0,1,骀
5089,0,0,1,阼
5090,0,2,1,遇
5091,0,0,1,贻
5092,0,0,1,逗
5093,0,0,1,啜
5094,0,0,1,锜
5095,0,1,1,虽
5096,0,0,1,圯
5097,42,56,0,册
5098,0,0,1,茁
5099,0,0,1,穹
5100,0,0,1,蟪
5101,0,0,1,觟
5102,0,0,1,遑
5103,1,39,1,献
5104,0,0,1,魁
5105,0,6,0,奔
5106,0,0,1,翥
5107,0,0,1,璆
5108,0,1,1,湘
5109,52,7,1,巳
5110,0,0,1,搀
5111,0,0,1,銎
5112,115,29,1,兄
5113,0,4,1,覃
5114,0,0,1,梢
5115,0,0,1,锲
5116,0,0,1,楫
5117,0,0,1,瑜
5118,0,0,1,鄠
5119,0,0,1,挞
5120,0,0,1,满
5121,5,29,1,齐
5122,0,0,1,媒
5123,0,0,1,凭
5124,0,0,1,镳
5125,0,8,1,钧
5126,0,0,1,鸬
5127,0,2,1,毅
5128,0,0,1,郛
5129,0,0,1,镇
5130,0,0,1,爚
5131,0,0,1,鹾
5132,0,0,1,恧
5133,0,0,1,龄
5134,0,0,1,椐
5135,14,3,1,稻
5136,0,0,1,韵
5137,0,0,1,玤
5138,0,0,1,缥
5139,0,0,1,缚
5140,0,0,1,瑳
5141,3,0,0,瀼
5142,0,0,1,螟
5143,0,0,1,玃
5144,0,0,1,谱
5145,0,0,1,吮
5146,0,0,1,咺
5147,0,9,1,妘
5148,0,0,1,领
5149,0,0,1,卵
5150,17,0,0,彔
5151,0,0,1,接
5152,0,0,1,昇
5153,0,0,1,廪
5154,0,0,1,澂
5155,0,12,1,能
5156,0,0,1,槛
5157,0,0,1,莜
5158,0,0,1,涔
5159,0,0,1,羼
5160,0,0,1,讦
5161,0,0,1,偾
5162,0,1,1,恕
5163,0,0,1,姘
5164,0,0,1,鲫
5165,0,0,1,忖
5166,2,3,1,因
5167,0,0,1,迫
5168,8,10,1,束
5169,10,5,1,豚
5170,0,0,1,欻
5171,0,0,1,倦
5172,0,0,1,眷
5173,0,1,1,箭
5174,0,0,1,咀
5175,0,0,1,摩
5176,0,0,1,瀑
5177,0,0,1,鲖
5178,0,9,1,樊
5179,0,0,1,豪
5180,0,0,1,鸪
5181,0,0,1,埘
5182,0,0,1,莱
5183,0,0,1,颌
5184,0,0,1,昭
5185,0,0,1,罐
5186,0,0,1,煜
5187,7,0,1,困
5188,0,0,1,芜
5189,0,0,1,皤
5190,0,0,1,糁
5191,1,1,1,昼
5192,0,0,1,瘃
5193,0,0,1,筒
5194,2,4,1,童
5195,0,0,1,结
5196,2,10,1,丧
5197,0,0,1,栋
5198,0,0,1,篇
5199,0,0,1,构
5200,0,0,1,黡
5201,0,25,1,邵
5202,0,0,1,墓
5203,0,0,1,辚
5204,0,0,1,甥
5205,0,0,1,觯
5206,0,0,1,凘
5207,0,0,1,怍
5208,0,0,1,枰
5209,1,0,1,书
5210,3,3,1,畀
5211,0,0,1,隘
5212,0,0,1,靥
5213,0,0,1,株
5214,0,0,1,缲
5215,1,2,1,炎
5216,0,0,1,觏
5217,0,0,1,骞
5218,0,0,1,闽
5219,0,3,1,龛
5220,0,0,1,茈
5221,1,3,1,再
5222,0,0,1,悴
5223,0,0,1,昳
5224,0,0,1,嫂
5225,1,0,1,塞
5226,0,0,1,蹬
5227,0,0,1,憔
5228,90,17,1,射
5229,0,0,1,鲛
5230,0,1,1,辂
5231,0,0,1,谧
5232,0,6,1,爽
5233,0,0,1,斠
5234,0,0,1,铨
5235,0,0,1,舀
5236,0,0,1,蟊
5237,0,0,1,骋
5238,1,0,1,编
5239,12,32,1,蔑
5240,0,0,1,蛸
5241,0,0,1,恂
5242,1,3,1,奴
5243,0,2,1,边
5244,0,8,1,割
5245,0,3,1,辨
5246,0,0,1,昴
5247,0,0,1,颦
5248,0,0,1,龁
5249,1,0,0,酓
5250,0,0,1,邘
5251,0,0,1,姐
5252,0,2,1,过
5253,0,2,1,壮
5254,0,0,1,蜃
5255,14,22,1,壬
5256,0,0,1,婢
5257,0,0,1,蜥
5258,0,0,1,庋
5259,0,0,1,朦
5260,0,0,1,娓
5261,0,0,1,浑
5262,1,2,1,蒿
5263,6,13,1,盟
5264,0,13,1,共
5265,0,0,1,葛
5266,1,4,1,解
5267,0,0,1,诎
5268,20,47,1,鱼
5269,0,1,1,奋
5270,0,0,1,诚
5271,0,0,1,丏
5272,0,0,1,笞
5273,0,0,1,陂
5274,0,0,1,琼
5275,0,0,1,旌
5276,1,0,1,咎
5277,0,0,1,伟
5278,0,0,1,意
5279,0,0,1,嶅
5280,0,0,1,焌
5281,0,0,1,蹶
5282,2,0,1,柰
5283,0,0,1,预
5284,0,0,1,绨
5285,37,52,0,以
5286,0,0,1,雱
5287,0,0,1,势
5288,0,0,1,佞
5289,0,0,1,鸷
5290,1,1,1,直
5291,0,0,1,柜
5292,0,0,1,蓝
5293,32,25,1,立
5294,1,0,0,潾
5295,0,0,1,绷
5296,0,0,1,梿
5297,0,0,1,踞
5298,1,0,0,汫
5299,0,0,1,鲿
5300,0,31,1,姞
5301,0,1,1,裕
5302,0,0,1,鄄
5303,0,0,1,荥
5304,0,0,1,决
5305,1,4,1,并
5306,6,0,0,冏
5307,1,1,1,戚
5308,0,0,1,剀
5309,0,0,1,轰
5310,0,0,1,锑
5311,70,19,1,见
5312,0,3,1,毳
5313,0,0,1,昉
5314,0,0,1,㬎
5315,0,3,0,坯
5316,0,0,1,睨
5317,0,0,1,毂
5318,7,3,1,爰
5319,1,0,0,犾
5320,0,1,1,贸
5321,0,2,1,鄫
5322,0,0,1,晐
5323,3,0,1,肉
5324,1,0,0,欬
5325,0,3,1,变
5326,0,0,1,觥
5327,0,17,1,庙
5328,1,1,1,巫
5329,0,1,1,赢
5330,1,0,1,熊
5331,0,3,1,弼
5332,0,0,1,廖
5333,0,0,1,范
5334,0,0,1,漼
5335,0,0,1,穄
5336,21,8,1,族
5337,0,0,1,题
5338,0,0,1,蠡
5339,1,3,1,协
5340,1,4,1,进
5341,0,1,1,羝
5342,1,1,1,栽
5343,0,1,1,虑
5344,0,2,1,斯
5345,0,1,1,尺
5346,0,0,1,垸
5347,2,2,1,镬
5348,0,0,1,爇
5349,0,0,1,铩
5350,0,0,1,纤
5351,0,0,1,肓
5352,0,0,1,杭
5353,0,0,1,蛴
5354,0,0,1,垓
5355,0,0,1,逴
5356,0,0,1,油
5357,1,0,0,胾
5358,0,0,1,佼
5359,0,0,1,芴
5360,0,0,1,佰
5361,0,0,1,祟
5362,0,0,1,遥
5363,0,0,1,馥
5364,0,1,1,制
5365,0,0,1,嫱
5366,0,0,1,磻
5367,0,0,1,荩
5368,0,0,1,混
5369,0,1,0,粤
5370,0,0,1,闰
5371,0,0,1,嬗
5372,3,0,1,带
5373,5,0,0,姌
5374,65,60,1,庚
5375,0,9,1,平
5376,0,9,1,尬
5377,0,0,1,隔
5378,0,0,1,鳟
5379,0,0,1,滍
5380,0,0,1,纫
5381,0,0,1,晙
5382,16,5,1,闻
5383,0,0,1,掠
5384,0,1,1,举
5385,0,0,1,褚
5386,0,0,1,茝
5387,0,0,1,髑
5388,0,4,1,与
5389,0,3,1,蓥
5390,0,0,1,靓
5391,0,4,1,坪
5392,0,0,1,桶
5393,0,0,1,疽
5394,0,3,1,盾
5395,0,0,1,澡
5396,0,0,1,珙
5397,0,0,1,芘
5398,0,9,1,遹
5399,0,0,1,谗
5400,0,0,1,碧
5401,1,0,0,侚
5402,0,0,1,絷
5403,0,0,1,搂
5404,0,0,1,鸾
5405,8,11,1,昔
5406,0,0,1,含
5407,0,0,1,耏
5408,0,0,1,綮
5409,0,0,1,浩
5410,12,38,1,元
5411,0,0,1,筤
5412,0,0,1,炱
5413,0,0,1,缒
5414,8,0,0,蘖
5415,0,0,1,埒
5416,0,0,1,跃
5417,35,0,0,薶
5418,0,0,1,奘
5419,0,0,1,朸
5420,0,0,1,剧
5421,0,0,1,鹪
5422,0,0,1,谕
5423,0,1,1,骄
5424,0,0,1,汁
5425,0,0,1,撰
5426,14,7,1,学
5427,0,0,1,戛
5428,0,0,1,榱
5429,0,0,1,莛
5430,0,0,1,晖
5431,0,0,1,粉
5432,0,0,1,垢
5433,0,1,1,瞻
5434,0,2,1,萃
5435,0,0,1,樗
5436,3,0,1,虹
5437,4,13,1,单
